framework,framework_version,system,model,attn_tp,moe_tp,ep,num_slots,gemm_quant,moe_quant,attn_quant,kv_quant,phase,batch_size,new_tokens,past_kv,layer_type,layer_index,measured_layer_count,layer_multiplier,latency_ms,rms_latency_ms,rms_kernel_count,includes_moe,moe_weight_mode,latency_source,physical_gpus,max_num_seqs,max_num_batched_tokens,vllm_config_hash
vLLM,0.20.1,NVIDIA B300 SXM6 AC,Qwen/Qwen3.6-35B-A3B,4,1,4,,bf16,bf16,bf16,bf16,ctx,1,1,0,moe,0,40,40,3.635352075099945,0.0,0,False,noop,execute_model_gpu,1,128,2048,5886c4dd20207178
vLLM,0.20.1,NVIDIA B300 SXM6 AC,Qwen/Qwen3.6-35B-A3B,4,1,4,,bf16,bf16,bf16,bf16,ctx,1,16,0,moe,0,40,40,32.872191429138184,0.0,0,False,noop,execute_model_gpu,1,128,2048,5886c4dd20207178
vLLM,0.20.1,NVIDIA B300 SXM6 AC,Qwen/Qwen3.6-35B-A3B,4,1,4,,bf16,bf16,bf16,bf16,ctx,1,128,0,moe,0,40,40,32.83185577392578,0.0,0,False,noop,execute_model_gpu,1,128,2048,5886c4dd20207178
vLLM,0.20.1,NVIDIA B300 SXM6 AC,Qwen/Qwen3.6-35B-A3B,4,1,4,,bf16,bf16,bf16,bf16,ctx,1,256,0,moe,0,40,40,33.07431125640869,0.0,0,False,noop,execute_model_gpu,1,128,2048,5886c4dd20207178
vLLM,0.20.1,NVIDIA B300 SXM6 AC,Qwen/Qwen3.6-35B-A3B,4,1,4,,bf16,bf16,bf16,bf16,ctx,1,512,0,moe,0,40,40,32.92416000366211,0.0,0,False,noop,execute_model_gpu,1,128,2048,5886c4dd20207178
vLLM,0.20.1,NVIDIA B300 SXM6 AC,Qwen/Qwen3.6-35B-A3B,4,1,4,,bf16,bf16,bf16,bf16,ctx,1,1024,0,moe,0,40,40,46.101823806762695,0.0,0,False,noop,execute_model_gpu,1,128,2048,5886c4dd20207178
vLLM,0.20.1,NVIDIA B300 SXM6 AC,Qwen/Qwen3.6-35B-A3B,4,1,4,,bf16,bf16,bf16,bf16,ctx,1,2048,0,moe,0,40,40,46.03579235076904,0.0,0,False,noop,execute_model_gpu,1,128,2048,5886c4dd20207178
vLLM,0.20.1,NVIDIA B300 SXM6 AC,Qwen/Qwen3.6-35B-A3B,4,1,4,,bf16,bf16,bf16,bf16,ctx,1,4096,0,moe,0,40,40,46.034687995910645,0.0,0,False,noop,execute_model_gpu,1,128,2048,5886c4dd20207178
vLLM,0.20.1,NVIDIA B300 SXM6 AC,Qwen/Qwen3.6-35B-A3B,4,1,4,,bf16,bf16,bf16,bf16,ctx,1,8192,0,moe,0,40,40,46.43955135345459,0.0,0,False,noop,execute_model_gpu,1,128,2048,5886c4dd20207178
vLLM,0.20.1,NVIDIA B300 SXM6 AC,Qwen/Qwen3.6-35B-A3B,4,1,4,,bf16,bf16,bf16,bf16,ctx,1,1,16,moe,0,40,40,33.098487854003906,0.0,0,False,noop,execute_model_gpu,1,128,2048,5886c4dd20207178
vLLM,0.20.1,NVIDIA B300 SXM6 AC,Qwen/Qwen3.6-35B-A3B,4,1,4,,bf16,bf16,bf16,bf16,ctx,1,16,16,moe,0,40,40,33.07348728179932,0.0,0,False,noop,execute_model_gpu,1,128,2048,5886c4dd20207178
vLLM,0.20.1,NVIDIA B300 SXM6 AC,Qwen/Qwen3.6-35B-A3B,4,1,4,,bf16,bf16,bf16,bf16,ctx,1,128,16,moe,0,40,40,32.92204761505127,0.0,0,False,noop,execute_model_gpu,1,128,2048,5886c4dd20207178
vLLM,0.20.1,NVIDIA B300 SXM6 AC,Qwen/Qwen3.6-35B-A3B,4,1,4,,bf16,bf16,bf16,bf16,ctx,1,256,16,moe,0,40,40,33.49219989776611,0.0,0,False,noop,execute_model_gpu,1,128,2048,5886c4dd20207178
vLLM,0.20.1,NVIDIA B300 SXM6 AC,Qwen/Qwen3.6-35B-A3B,4,1,4,,bf16,bf16,bf16,bf16,ctx,1,512,16,moe,0,40,40,45.86592864990234,0.0,0,False,noop,execute_model_gpu,1,128,2048,5886c4dd20207178
vLLM,0.20.1,NVIDIA B300 SXM6 AC,Qwen/Qwen3.6-35B-A3B,4,1,4,,bf16,bf16,bf16,bf16,ctx,1,1024,16,moe,0,40,40,45.81492042541504,0.0,0,False,noop,execute_model_gpu,1,128,2048,5886c4dd20207178
vLLM,0.20.1,NVIDIA B300 SXM6 AC,Qwen/Qwen3.6-35B-A3B,4,1,4,,bf16,bf16,bf16,bf16,ctx,1,2048,16,moe,0,40,40,46.08643913269043,0.0,0,False,noop,execute_model_gpu,1,128,2048,5886c4dd20207178
vLLM,0.20.1,NVIDIA B300 SXM6 AC,Qwen/Qwen3.6-35B-A3B,4,1,4,,bf16,bf16,bf16,bf16,ctx,1,4096,16,moe,0,40,40,46.20040035247803,0.0,0,False,noop,execute_model_gpu,1,128,2048,5886c4dd20207178
vLLM,0.20.1,NVIDIA B300 SXM6 AC,Qwen/Qwen3.6-35B-A3B,4,1,4,,bf16,bf16,bf16,bf16,ctx,1,8192,16,moe,0,40,40,46.36306381225586,0.0,0,False,noop,execute_model_gpu,1,128,2048,5886c4dd20207178
vLLM,0.20.1,NVIDIA B300 SXM6 AC,Qwen/Qwen3.6-35B-A3B,4,1,4,,bf16,bf16,bf16,bf16,ctx,1,1,128,moe,0,40,40,33.25831985473633,0.0,0,False,noop,execute_model_gpu,1,128,2048,5886c4dd20207178
vLLM,0.20.1,NVIDIA B300 SXM6 AC,Qwen/Qwen3.6-35B-A3B,4,1,4,,bf16,bf16,bf16,bf16,ctx,1,16,128,moe,0,40,40,33.08168888092041,0.0,0,False,noop,execute_model_gpu,1,128,2048,5886c4dd20207178
vLLM,0.20.1,NVIDIA B300 SXM6 AC,Qwen/Qwen3.6-35B-A3B,4,1,4,,bf16,bf16,bf16,bf16,ctx,1,128,128,moe,0,40,40,33.03372001647949,0.0,0,False,noop,execute_model_gpu,1,128,2048,5886c4dd20207178
vLLM,0.20.1,NVIDIA B300 SXM6 AC,Qwen/Qwen3.6-35B-A3B,4,1,4,,bf16,bf16,bf16,bf16,ctx,1,256,128,moe,0,40,40,33.18762397766113,0.0,0,False,noop,execute_model_gpu,1,128,2048,5886c4dd20207178
vLLM,0.20.1,NVIDIA B300 SXM6 AC,Qwen/Qwen3.6-35B-A3B,4,1,4,,bf16,bf16,bf16,bf16,ctx,1,512,128,moe,0,40,40,46.25596809387207,0.0,0,False,noop,execute_model_gpu,1,128,2048,5886c4dd20207178
vLLM,0.20.1,NVIDIA B300 SXM6 AC,Qwen/Qwen3.6-35B-A3B,4,1,4,,bf16,bf16,bf16,bf16,ctx,1,1024,128,moe,0,40,40,46.04621601104736,0.0,0,False,noop,execute_model_gpu,1,128,2048,5886c4dd20207178
vLLM,0.20.1,NVIDIA B300 SXM6 AC,Qwen/Qwen3.6-35B-A3B,4,1,4,,bf16,bf16,bf16,bf16,ctx,1,2048,128,moe,0,40,40,46.03792095184326,0.0,0,False,noop,execute_model_gpu,1,128,2048,5886c4dd20207178
vLLM,0.20.1,NVIDIA B300 SXM6 AC,Qwen/Qwen3.6-35B-A3B,4,1,4,,bf16,bf16,bf16,bf16,ctx,1,4096,128,moe,0,40,40,46.50827121734619,0.0,0,False,noop,execute_model_gpu,1,128,2048,5886c4dd20207178
vLLM,0.20.1,NVIDIA B300 SXM6 AC,Qwen/Qwen3.6-35B-A3B,4,1,4,,bf16,bf16,bf16,bf16,ctx,1,8192,128,moe,0,40,40,46.59163284301758,0.0,0,False,noop,execute_model_gpu,1,128,2048,5886c4dd20207178
vLLM,0.20.1,NVIDIA B300 SXM6 AC,Qwen/Qwen3.6-35B-A3B,4,1,4,,bf16,bf16,bf16,bf16,ctx,1,1,256,moe,0,40,40,33.11508750915527,0.0,0,False,noop,execute_model_gpu,1,128,2048,5886c4dd20207178
vLLM,0.20.1,NVIDIA B300 SXM6 AC,Qwen/Qwen3.6-35B-A3B,4,1,4,,bf16,bf16,bf16,bf16,ctx,1,16,256,moe,0,40,40,33.0309362411499,0.0,0,False,noop,execute_model_gpu,1,128,2048,5886c4dd20207178
vLLM,0.20.1,NVIDIA B300 SXM6 AC,Qwen/Qwen3.6-35B-A3B,4,1,4,,bf16,bf16,bf16,bf16,ctx,1,128,256,moe,0,40,40,33.192240715026855,0.0,0,False,noop,execute_model_gpu,1,128,2048,5886c4dd20207178
vLLM,0.20.1,NVIDIA B300 SXM6 AC,Qwen/Qwen3.6-35B-A3B,4,1,4,,bf16,bf16,bf16,bf16,ctx,1,256,256,moe,0,40,40,33.151936531066895,0.0,0,False,noop,execute_model_gpu,1,128,2048,5886c4dd20207178
vLLM,0.20.1,NVIDIA B300 SXM6 AC,Qwen/Qwen3.6-35B-A3B,4,1,4,,bf16,bf16,bf16,bf16,ctx,1,512,256,moe,0,40,40,45.84910392761231,0.0,0,False,noop,execute_model_gpu,1,128,2048,5886c4dd20207178
vLLM,0.20.1,NVIDIA B300 SXM6 AC,Qwen/Qwen3.6-35B-A3B,4,1,4,,bf16,bf16,bf16,bf16,ctx,1,1024,256,moe,0,40,40,46.10132026672363,0.0,0,False,noop,execute_model_gpu,1,128,2048,5886c4dd20207178
vLLM,0.20.1,NVIDIA B300 SXM6 AC,Qwen/Qwen3.6-35B-A3B,4,1,4,,bf16,bf16,bf16,bf16,ctx,1,2048,256,moe,0,40,40,45.908159255981445,0.0,0,False,noop,execute_model_gpu,1,128,2048,5886c4dd20207178
vLLM,0.20.1,NVIDIA B300 SXM6 AC,Qwen/Qwen3.6-35B-A3B,4,1,4,,bf16,bf16,bf16,bf16,ctx,1,4096,256,moe,0,40,40,46.03823184967041,0.0,0,False,noop,execute_model_gpu,1,128,2048,5886c4dd20207178
vLLM,0.20.1,NVIDIA B300 SXM6 AC,Qwen/Qwen3.6-35B-A3B,4,1,4,,bf16,bf16,bf16,bf16,ctx,1,8192,256,moe,0,40,40,46.46403980255127,0.0,0,False,noop,execute_model_gpu,1,128,2048,5886c4dd20207178
vLLM,0.20.1,NVIDIA B300 SXM6 AC,Qwen/Qwen3.6-35B-A3B,4,1,4,,bf16,bf16,bf16,bf16,ctx,1,1,512,moe,0,40,40,46.10319995880127,0.0,0,False,noop,execute_model_gpu,1,128,2048,5886c4dd20207178
vLLM,0.20.1,NVIDIA B300 SXM6 AC,Qwen/Qwen3.6-35B-A3B,4,1,4,,bf16,bf16,bf16,bf16,ctx,1,16,512,moe,0,40,40,45.9268159866333,0.0,0,False,noop,execute_model_gpu,1,128,2048,5886c4dd20207178
vLLM,0.20.1,NVIDIA B300 SXM6 AC,Qwen/Qwen3.6-35B-A3B,4,1,4,,bf16,bf16,bf16,bf16,ctx,1,128,512,moe,0,40,40,46.13680744171143,0.0,0,False,noop,execute_model_gpu,1,128,2048,5886c4dd20207178
vLLM,0.20.1,NVIDIA B300 SXM6 AC,Qwen/Qwen3.6-35B-A3B,4,1,4,,bf16,bf16,bf16,bf16,ctx,1,256,512,moe,0,40,40,46.07393550872803,0.0,0,False,noop,execute_model_gpu,1,128,2048,5886c4dd20207178
vLLM,0.20.1,NVIDIA B300 SXM6 AC,Qwen/Qwen3.6-35B-A3B,4,1,4,,bf16,bf16,bf16,bf16,ctx,1,512,512,moe,0,40,40,45.87401580810547,0.0,0,False,noop,execute_model_gpu,1,128,2048,5886c4dd20207178
vLLM,0.20.1,NVIDIA B300 SXM6 AC,Qwen/Qwen3.6-35B-A3B,4,1,4,,bf16,bf16,bf16,bf16,ctx,1,1024,512,moe,0,40,40,46.12808799743652,0.0,0,False,noop,execute_model_gpu,1,128,2048,5886c4dd20207178
vLLM,0.20.1,NVIDIA B300 SXM6 AC,Qwen/Qwen3.6-35B-A3B,4,1,4,,bf16,bf16,bf16,bf16,ctx,1,2048,512,moe,0,40,40,46.07115936279297,0.0,0,False,noop,execute_model_gpu,1,128,2048,5886c4dd20207178
vLLM,0.20.1,NVIDIA B300 SXM6 AC,Qwen/Qwen3.6-35B-A3B,4,1,4,,bf16,bf16,bf16,bf16,ctx,1,4096,512,moe,0,40,40,45.96409511566162,0.0,0,False,noop,execute_model_gpu,1,128,2048,5886c4dd20207178
vLLM,0.20.1,NVIDIA B300 SXM6 AC,Qwen/Qwen3.6-35B-A3B,4,1,4,,bf16,bf16,bf16,bf16,ctx,1,8192,512,moe,0,40,40,46.28802394866944,0.0,0,False,noop,execute_model_gpu,1,128,2048,5886c4dd20207178
vLLM,0.20.1,NVIDIA B300 SXM6 AC,Qwen/Qwen3.6-35B-A3B,4,1,4,,bf16,bf16,bf16,bf16,ctx,1,1,1024,moe,0,40,40,46.23588848114014,0.0,0,False,noop,execute_model_gpu,1,128,2048,5886c4dd20207178
vLLM,0.20.1,NVIDIA B300 SXM6 AC,Qwen/Qwen3.6-35B-A3B,4,1,4,,bf16,bf16,bf16,bf16,ctx,1,16,1024,moe,0,40,40,45.79772758483887,0.0,0,False,noop,execute_model_gpu,1,128,2048,5886c4dd20207178
vLLM,0.20.1,NVIDIA B300 SXM6 AC,Qwen/Qwen3.6-35B-A3B,4,1,4,,bf16,bf16,bf16,bf16,ctx,1,128,1024,moe,0,40,40,45.88910484313965,0.0,0,False,noop,execute_model_gpu,1,128,2048,5886c4dd20207178
vLLM,0.20.1,NVIDIA B300 SXM6 AC,Qwen/Qwen3.6-35B-A3B,4,1,4,,bf16,bf16,bf16,bf16,ctx,1,256,1024,moe,0,40,40,46.080007553100586,0.0,0,False,noop,execute_model_gpu,1,128,2048,5886c4dd20207178
vLLM,0.20.1,NVIDIA B300 SXM6 AC,Qwen/Qwen3.6-35B-A3B,4,1,4,,bf16,bf16,bf16,bf16,ctx,1,512,1024,moe,0,40,40,45.9462308883667,0.0,0,False,noop,execute_model_gpu,1,128,2048,5886c4dd20207178
vLLM,0.20.1,NVIDIA B300 SXM6 AC,Qwen/Qwen3.6-35B-A3B,4,1,4,,bf16,bf16,bf16,bf16,ctx,1,1024,1024,moe,0,40,40,46.31035232543945,0.0,0,False,noop,execute_model_gpu,1,128,2048,5886c4dd20207178
vLLM,0.20.1,NVIDIA B300 SXM6 AC,Qwen/Qwen3.6-35B-A3B,4,1,4,,bf16,bf16,bf16,bf16,ctx,1,2048,1024,moe,0,40,40,46.054983139038086,0.0,0,False,noop,execute_model_gpu,1,128,2048,5886c4dd20207178
vLLM,0.20.1,NVIDIA B300 SXM6 AC,Qwen/Qwen3.6-35B-A3B,4,1,4,,bf16,bf16,bf16,bf16,ctx,1,4096,1024,moe,0,40,40,46.225687980651855,0.0,0,False,noop,execute_model_gpu,1,128,2048,5886c4dd20207178
vLLM,0.20.1,NVIDIA B300 SXM6 AC,Qwen/Qwen3.6-35B-A3B,4,1,4,,bf16,bf16,bf16,bf16,ctx,1,8192,1024,moe,0,40,40,46.418503761291504,0.0,0,False,noop,execute_model_gpu,1,128,2048,5886c4dd20207178
vLLM,0.20.1,NVIDIA B300 SXM6 AC,Qwen/Qwen3.6-35B-A3B,4,1,4,,bf16,bf16,bf16,bf16,ctx,1,1,2048,moe,0,40,40,46.24331188201904,0.0,0,False,noop,execute_model_gpu,1,128,2048,5886c4dd20207178
vLLM,0.20.1,NVIDIA B300 SXM6 AC,Qwen/Qwen3.6-35B-A3B,4,1,4,,bf16,bf16,bf16,bf16,ctx,1,16,2048,moe,0,40,40,45.85143184661865,0.0,0,False,noop,execute_model_gpu,1,128,2048,5886c4dd20207178
vLLM,0.20.1,NVIDIA B300 SXM6 AC,Qwen/Qwen3.6-35B-A3B,4,1,4,,bf16,bf16,bf16,bf16,ctx,1,128,2048,moe,0,40,40,45.99761581420898,0.0,0,False,noop,execute_model_gpu,1,128,2048,5886c4dd20207178
vLLM,0.20.1,NVIDIA B300 SXM6 AC,Qwen/Qwen3.6-35B-A3B,4,1,4,,bf16,bf16,bf16,bf16,ctx,1,256,2048,moe,0,40,40,46.11236000061035,0.0,0,False,noop,execute_model_gpu,1,128,2048,5886c4dd20207178
vLLM,0.20.1,NVIDIA B300 SXM6 AC,Qwen/Qwen3.6-35B-A3B,4,1,4,,bf16,bf16,bf16,bf16,ctx,1,512,2048,moe,0,40,40,45.94254302978516,0.0,0,False,noop,execute_model_gpu,1,128,2048,5886c4dd20207178
vLLM,0.20.1,NVIDIA B300 SXM6 AC,Qwen/Qwen3.6-35B-A3B,4,1,4,,bf16,bf16,bf16,bf16,ctx,1,1024,2048,moe,0,40,40,46.207736015319824,0.0,0,False,noop,execute_model_gpu,1,128,2048,5886c4dd20207178
vLLM,0.20.1,NVIDIA B300 SXM6 AC,Qwen/Qwen3.6-35B-A3B,4,1,4,,bf16,bf16,bf16,bf16,ctx,1,2048,2048,moe,0,40,40,46.148200035095215,0.0,0,False,noop,execute_model_gpu,1,128,2048,5886c4dd20207178
vLLM,0.20.1,NVIDIA B300 SXM6 AC,Qwen/Qwen3.6-35B-A3B,4,1,4,,bf16,bf16,bf16,bf16,ctx,1,4096,2048,moe,0,40,40,46.125247955322266,0.0,0,False,noop,execute_model_gpu,1,128,2048,5886c4dd20207178
vLLM,0.20.1,NVIDIA B300 SXM6 AC,Qwen/Qwen3.6-35B-A3B,4,1,4,,bf16,bf16,bf16,bf16,ctx,1,8192,2048,moe,0,40,40,46.40074348449707,0.0,0,False,noop,execute_model_gpu,1,128,2048,5886c4dd20207178
vLLM,0.20.1,NVIDIA B300 SXM6 AC,Qwen/Qwen3.6-35B-A3B,4,1,4,,bf16,bf16,bf16,bf16,ctx,1,1,4096,moe,0,40,40,46.29629611968994,0.0,0,False,noop,execute_model_gpu,1,128,2048,5886c4dd20207178
vLLM,0.20.1,NVIDIA B300 SXM6 AC,Qwen/Qwen3.6-35B-A3B,4,1,4,,bf16,bf16,bf16,bf16,ctx,1,16,4096,moe,0,40,40,46.00294494628906,0.0,0,False,noop,execute_model_gpu,1,128,2048,5886c4dd20207178
vLLM,0.20.1,NVIDIA B300 SXM6 AC,Qwen/Qwen3.6-35B-A3B,4,1,4,,bf16,bf16,bf16,bf16,ctx,1,128,4096,moe,0,40,40,46.1922492980957,0.0,0,False,noop,execute_model_gpu,1,128,2048,5886c4dd20207178
vLLM,0.20.1,NVIDIA B300 SXM6 AC,Qwen/Qwen3.6-35B-A3B,4,1,4,,bf16,bf16,bf16,bf16,ctx,1,256,4096,moe,0,40,40,46.21308708190918,0.0,0,False,noop,execute_model_gpu,1,128,2048,5886c4dd20207178
vLLM,0.20.1,NVIDIA B300 SXM6 AC,Qwen/Qwen3.6-35B-A3B,4,1,4,,bf16,bf16,bf16,bf16,ctx,1,512,4096,moe,0,40,40,45.98119926452637,0.0,0,False,noop,execute_model_gpu,1,128,2048,5886c4dd20207178
vLLM,0.20.1,NVIDIA B300 SXM6 AC,Qwen/Qwen3.6-35B-A3B,4,1,4,,bf16,bf16,bf16,bf16,ctx,1,1024,4096,moe,0,40,40,46.21163272857666,0.0,0,False,noop,execute_model_gpu,1,128,2048,5886c4dd20207178
vLLM,0.20.1,NVIDIA B300 SXM6 AC,Qwen/Qwen3.6-35B-A3B,4,1,4,,bf16,bf16,bf16,bf16,ctx,1,2048,4096,moe,0,40,40,46.302063941955566,0.0,0,False,noop,execute_model_gpu,1,128,2048,5886c4dd20207178
vLLM,0.20.1,NVIDIA B300 SXM6 AC,Qwen/Qwen3.6-35B-A3B,4,1,4,,bf16,bf16,bf16,bf16,ctx,1,4096,4096,moe,0,40,40,46.21284770965576,0.0,0,False,noop,execute_model_gpu,1,128,2048,5886c4dd20207178
vLLM,0.20.1,NVIDIA B300 SXM6 AC,Qwen/Qwen3.6-35B-A3B,4,1,4,,bf16,bf16,bf16,bf16,ctx,1,8192,4096,moe,0,40,40,46.599656105041504,0.0,0,False,noop,execute_model_gpu,1,128,2048,5886c4dd20207178
vLLM,0.20.1,NVIDIA B300 SXM6 AC,Qwen/Qwen3.6-35B-A3B,4,1,4,,bf16,bf16,bf16,bf16,ctx,1,1,8192,moe,0,40,40,46.49955940246582,0.0,0,False,noop,execute_model_gpu,1,128,2048,5886c4dd20207178
vLLM,0.20.1,NVIDIA B300 SXM6 AC,Qwen/Qwen3.6-35B-A3B,4,1,4,,bf16,bf16,bf16,bf16,ctx,1,16,8192,moe,0,40,40,46.27284812927246,0.0,0,False,noop,execute_model_gpu,1,128,2048,5886c4dd20207178
vLLM,0.20.1,NVIDIA B300 SXM6 AC,Qwen/Qwen3.6-35B-A3B,4,1,4,,bf16,bf16,bf16,bf16,ctx,1,128,8192,moe,0,40,40,46.33963203430176,0.0,0,False,noop,execute_model_gpu,1,128,2048,5886c4dd20207178
vLLM,0.20.1,NVIDIA B300 SXM6 AC,Qwen/Qwen3.6-35B-A3B,4,1,4,,bf16,bf16,bf16,bf16,ctx,1,256,8192,moe,0,40,40,46.32134246826172,0.0,0,False,noop,execute_model_gpu,1,128,2048,5886c4dd20207178
vLLM,0.20.1,NVIDIA B300 SXM6 AC,Qwen/Qwen3.6-35B-A3B,4,1,4,,bf16,bf16,bf16,bf16,ctx,1,512,8192,moe,0,40,40,46.17246341705322,0.0,0,False,noop,execute_model_gpu,1,128,2048,5886c4dd20207178
vLLM,0.20.1,NVIDIA B300 SXM6 AC,Qwen/Qwen3.6-35B-A3B,4,1,4,,bf16,bf16,bf16,bf16,ctx,1,1024,8192,moe,0,40,40,46.38313674926758,0.0,0,False,noop,execute_model_gpu,1,128,2048,5886c4dd20207178
vLLM,0.20.1,NVIDIA B300 SXM6 AC,Qwen/Qwen3.6-35B-A3B,4,1,4,,bf16,bf16,bf16,bf16,ctx,1,2048,8192,moe,0,40,40,46.56005573272705,0.0,0,False,noop,execute_model_gpu,1,128,2048,5886c4dd20207178
vLLM,0.20.1,NVIDIA B300 SXM6 AC,Qwen/Qwen3.6-35B-A3B,4,1,4,,bf16,bf16,bf16,bf16,ctx,1,4096,8192,moe,0,40,40,46.41075134277344,0.0,0,False,noop,execute_model_gpu,1,128,2048,5886c4dd20207178
vLLM,0.20.1,NVIDIA B300 SXM6 AC,Qwen/Qwen3.6-35B-A3B,4,1,4,,bf16,bf16,bf16,bf16,ctx,1,8192,8192,moe,0,40,40,46.6515998840332,0.0,0,False,noop,execute_model_gpu,1,128,2048,5886c4dd20207178
vLLM,0.20.1,NVIDIA B300 SXM6 AC,Qwen/Qwen3.6-35B-A3B,4,1,4,,bf16,bf16,bf16,bf16,ctx,1,1,16384,moe,0,40,40,46.90174388885498,0.0,0,False,noop,execute_model_gpu,1,128,2048,5886c4dd20207178
vLLM,0.20.1,NVIDIA B300 SXM6 AC,Qwen/Qwen3.6-35B-A3B,4,1,4,,bf16,bf16,bf16,bf16,ctx,1,16,16384,moe,0,40,40,46.49226379394531,0.0,0,False,noop,execute_model_gpu,1,128,2048,5886c4dd20207178
vLLM,0.20.1,NVIDIA B300 SXM6 AC,Qwen/Qwen3.6-35B-A3B,4,1,4,,bf16,bf16,bf16,bf16,ctx,1,128,16384,moe,0,40,40,46.93936729431152,0.0,0,False,noop,execute_model_gpu,1,128,2048,5886c4dd20207178
vLLM,0.20.1,NVIDIA B300 SXM6 AC,Qwen/Qwen3.6-35B-A3B,4,1,4,,bf16,bf16,bf16,bf16,ctx,1,256,16384,moe,0,40,40,46.84923267364502,0.0,0,False,noop,execute_model_gpu,1,128,2048,5886c4dd20207178
vLLM,0.20.1,NVIDIA B300 SXM6 AC,Qwen/Qwen3.6-35B-A3B,4,1,4,,bf16,bf16,bf16,bf16,ctx,1,512,16384,moe,0,40,40,46.4318151473999,0.0,0,False,noop,execute_model_gpu,1,128,2048,5886c4dd20207178
vLLM,0.20.1,NVIDIA B300 SXM6 AC,Qwen/Qwen3.6-35B-A3B,4,1,4,,bf16,bf16,bf16,bf16,ctx,1,1024,16384,moe,0,40,40,46.81269550323486,0.0,0,False,noop,execute_model_gpu,1,128,2048,5886c4dd20207178
vLLM,0.20.1,NVIDIA B300 SXM6 AC,Qwen/Qwen3.6-35B-A3B,4,1,4,,bf16,bf16,bf16,bf16,ctx,1,2048,16384,moe,0,40,40,46.75567150115967,0.0,0,False,noop,execute_model_gpu,1,128,2048,5886c4dd20207178
vLLM,0.20.1,NVIDIA B300 SXM6 AC,Qwen/Qwen3.6-35B-A3B,4,1,4,,bf16,bf16,bf16,bf16,ctx,1,4096,16384,moe,0,40,40,46.57364845275879,0.0,0,False,noop,execute_model_gpu,1,128,2048,5886c4dd20207178
vLLM,0.20.1,NVIDIA B300 SXM6 AC,Qwen/Qwen3.6-35B-A3B,4,1,4,,bf16,bf16,bf16,bf16,ctx,1,8192,16384,moe,0,40,40,47.26415157318115,0.0,0,False,noop,execute_model_gpu,1,128,2048,5886c4dd20207178
vLLM,0.20.1,NVIDIA B300 SXM6 AC,Qwen/Qwen3.6-35B-A3B,4,1,4,,bf16,bf16,bf16,bf16,ctx,1,1,32768,moe,0,40,40,47.4388313293457,0.0,0,False,noop,execute_model_gpu,1,128,2048,5886c4dd20207178
vLLM,0.20.1,NVIDIA B300 SXM6 AC,Qwen/Qwen3.6-35B-A3B,4,1,4,,bf16,bf16,bf16,bf16,ctx,1,16,32768,moe,0,40,40,47.07818412780762,0.0,0,False,noop,execute_model_gpu,1,128,2048,5886c4dd20207178
vLLM,0.20.1,NVIDIA B300 SXM6 AC,Qwen/Qwen3.6-35B-A3B,4,1,4,,bf16,bf16,bf16,bf16,ctx,1,128,32768,moe,0,40,40,47.32670497894287,0.0,0,False,noop,execute_model_gpu,1,128,2048,5886c4dd20207178
vLLM,0.20.1,NVIDIA B300 SXM6 AC,Qwen/Qwen3.6-35B-A3B,4,1,4,,bf16,bf16,bf16,bf16,ctx,1,256,32768,moe,0,40,40,47.621992111206055,0.0,0,False,noop,execute_model_gpu,1,128,2048,5886c4dd20207178
vLLM,0.20.1,NVIDIA B300 SXM6 AC,Qwen/Qwen3.6-35B-A3B,4,1,4,,bf16,bf16,bf16,bf16,ctx,1,512,32768,moe,0,40,40,47.22123146057129,0.0,0,False,noop,execute_model_gpu,1,128,2048,5886c4dd20207178
vLLM,0.20.1,NVIDIA B300 SXM6 AC,Qwen/Qwen3.6-35B-A3B,4,1,4,,bf16,bf16,bf16,bf16,ctx,1,1024,32768,moe,0,40,40,47.64779186248779,0.0,0,False,noop,execute_model_gpu,1,128,2048,5886c4dd20207178
vLLM,0.20.1,NVIDIA B300 SXM6 AC,Qwen/Qwen3.6-35B-A3B,4,1,4,,bf16,bf16,bf16,bf16,ctx,1,2048,32768,moe,0,40,40,47.44338417053223,0.0,0,False,noop,execute_model_gpu,1,128,2048,5886c4dd20207178
vLLM,0.20.1,NVIDIA B300 SXM6 AC,Qwen/Qwen3.6-35B-A3B,4,1,4,,bf16,bf16,bf16,bf16,ctx,1,4096,32768,moe,0,40,40,47.26282405853272,0.0,0,False,noop,execute_model_gpu,1,128,2048,5886c4dd20207178
vLLM,0.20.1,NVIDIA B300 SXM6 AC,Qwen/Qwen3.6-35B-A3B,4,1,4,,bf16,bf16,bf16,bf16,ctx,1,8192,32768,moe,0,40,40,47.70426368713379,0.0,0,False,noop,execute_model_gpu,1,128,2048,5886c4dd20207178
vLLM,0.20.1,NVIDIA B300 SXM6 AC,Qwen/Qwen3.6-35B-A3B,4,1,4,,bf16,bf16,bf16,bf16,gen,1,1,1,moe,0,40,40,3.445120096206665,0.0,0,False,noop,execute_model_gpu,1,128,2048,ccfa69e9300e4dd8
vLLM,0.20.1,NVIDIA B300 SXM6 AC,Qwen/Qwen3.6-35B-A3B,4,1,4,,bf16,bf16,bf16,bf16,gen,1,1,16,moe,0,40,40,3.489984035491944,0.0,0,False,noop,execute_model_gpu,1,128,2048,ccfa69e9300e4dd8
vLLM,0.20.1,NVIDIA B300 SXM6 AC,Qwen/Qwen3.6-35B-A3B,4,1,4,,bf16,bf16,bf16,bf16,gen,1,1,128,moe,0,40,40,3.462496042251587,0.0,0,False,noop,execute_model_gpu,1,128,2048,ccfa69e9300e4dd8
vLLM,0.20.1,NVIDIA B300 SXM6 AC,Qwen/Qwen3.6-35B-A3B,4,1,4,,bf16,bf16,bf16,bf16,gen,1,1,256,moe,0,40,40,3.4801599979400635,0.0,0,False,noop,execute_model_gpu,1,128,2048,ccfa69e9300e4dd8
vLLM,0.20.1,NVIDIA B300 SXM6 AC,Qwen/Qwen3.6-35B-A3B,4,1,4,,bf16,bf16,bf16,bf16,gen,1,1,512,moe,0,40,40,3.49782395362854,0.0,0,False,noop,execute_model_gpu,1,128,2048,ccfa69e9300e4dd8
vLLM,0.20.1,NVIDIA B300 SXM6 AC,Qwen/Qwen3.6-35B-A3B,4,1,4,,bf16,bf16,bf16,bf16,gen,1,1,1024,moe,0,40,40,3.6433920860290527,0.0,0,False,noop,execute_model_gpu,1,128,2048,ccfa69e9300e4dd8
vLLM,0.20.1,NVIDIA B300 SXM6 AC,Qwen/Qwen3.6-35B-A3B,4,1,4,,bf16,bf16,bf16,bf16,gen,1,1,2048,moe,0,40,40,3.5285439491271973,0.0,0,False,noop,execute_model_gpu,1,128,2048,ccfa69e9300e4dd8
vLLM,0.20.1,NVIDIA B300 SXM6 AC,Qwen/Qwen3.6-35B-A3B,4,1,4,,bf16,bf16,bf16,bf16,gen,1,1,4096,moe,0,40,40,3.561696052551269,0.0,0,False,noop,execute_model_gpu,1,128,2048,ccfa69e9300e4dd8
vLLM,0.20.1,NVIDIA B300 SXM6 AC,Qwen/Qwen3.6-35B-A3B,4,1,4,,bf16,bf16,bf16,bf16,gen,1,1,8192,moe,0,40,40,3.607487916946411,0.0,0,False,noop,execute_model_gpu,1,128,2048,ccfa69e9300e4dd8
vLLM,0.20.1,NVIDIA B300 SXM6 AC,Qwen/Qwen3.6-35B-A3B,4,1,4,,bf16,bf16,bf16,bf16,gen,1,1,16384,moe,0,40,40,3.6403520107269287,0.0,0,False,noop,execute_model_gpu,1,128,2048,ccfa69e9300e4dd8
vLLM,0.20.1,NVIDIA B300 SXM6 AC,Qwen/Qwen3.6-35B-A3B,4,1,4,,bf16,bf16,bf16,bf16,gen,1,1,32768,moe,0,40,40,3.76908802986145,0.0,0,False,noop,execute_model_gpu,1,128,2048,ccfa69e9300e4dd8
vLLM,0.20.1,NVIDIA B300 SXM6 AC,Qwen/Qwen3.6-35B-A3B,4,1,4,,bf16,bf16,bf16,bf16,gen,2,1,1,moe,0,40,40,3.54041600227356,0.0,0,False,noop,execute_model_gpu,1,128,2048,ccfa69e9300e4dd8
vLLM,0.20.1,NVIDIA B300 SXM6 AC,Qwen/Qwen3.6-35B-A3B,4,1,4,,bf16,bf16,bf16,bf16,gen,2,1,16,moe,0,40,40,3.580735921859741,0.0,0,False,noop,execute_model_gpu,1,128,2048,ccfa69e9300e4dd8
vLLM,0.20.1,NVIDIA B300 SXM6 AC,Qwen/Qwen3.6-35B-A3B,4,1,4,,bf16,bf16,bf16,bf16,gen,2,1,128,moe,0,40,40,3.527168035507202,0.0,0,False,noop,execute_model_gpu,1,128,2048,ccfa69e9300e4dd8
vLLM,0.20.1,NVIDIA B300 SXM6 AC,Qwen/Qwen3.6-35B-A3B,4,1,4,,bf16,bf16,bf16,bf16,gen,2,1,256,moe,0,40,40,3.5966079235076904,0.0,0,False,noop,execute_model_gpu,1,128,2048,ccfa69e9300e4dd8
vLLM,0.20.1,NVIDIA B300 SXM6 AC,Qwen/Qwen3.6-35B-A3B,4,1,4,,bf16,bf16,bf16,bf16,gen,2,1,512,moe,0,40,40,3.611680030822754,0.0,0,False,noop,execute_model_gpu,1,128,2048,ccfa69e9300e4dd8
vLLM,0.20.1,NVIDIA B300 SXM6 AC,Qwen/Qwen3.6-35B-A3B,4,1,4,,bf16,bf16,bf16,bf16,gen,2,1,1024,moe,0,40,40,3.5389440059661865,0.0,0,False,noop,execute_model_gpu,1,128,2048,ccfa69e9300e4dd8
vLLM,0.20.1,NVIDIA B300 SXM6 AC,Qwen/Qwen3.6-35B-A3B,4,1,4,,bf16,bf16,bf16,bf16,gen,2,1,2048,moe,0,40,40,3.5784640312194824,0.0,0,False,noop,execute_model_gpu,1,128,2048,ccfa69e9300e4dd8
vLLM,0.20.1,NVIDIA B300 SXM6 AC,Qwen/Qwen3.6-35B-A3B,4,1,4,,bf16,bf16,bf16,bf16,gen,2,1,4096,moe,0,40,40,3.6149439811706543,0.0,0,False,noop,execute_model_gpu,1,128,2048,ccfa69e9300e4dd8
vLLM,0.20.1,NVIDIA B300 SXM6 AC,Qwen/Qwen3.6-35B-A3B,4,1,4,,bf16,bf16,bf16,bf16,gen,2,1,8192,moe,0,40,40,3.624768018722534,0.0,0,False,noop,execute_model_gpu,1,128,2048,ccfa69e9300e4dd8
vLLM,0.20.1,NVIDIA B300 SXM6 AC,Qwen/Qwen3.6-35B-A3B,4,1,4,,bf16,bf16,bf16,bf16,gen,2,1,16384,moe,0,40,40,3.707871913909912,0.0,0,False,noop,execute_model_gpu,1,128,2048,ccfa69e9300e4dd8
vLLM,0.20.1,NVIDIA B300 SXM6 AC,Qwen/Qwen3.6-35B-A3B,4,1,4,,bf16,bf16,bf16,bf16,gen,2,1,32768,moe,0,40,40,3.719135999679565,0.0,0,False,noop,execute_model_gpu,1,128,2048,ccfa69e9300e4dd8
vLLM,0.20.1,NVIDIA B300 SXM6 AC,Qwen/Qwen3.6-35B-A3B,4,1,4,,bf16,bf16,bf16,bf16,gen,4,1,1,moe,0,40,40,3.5296640396118164,0.0,0,False,noop,execute_model_gpu,1,128,2048,ccfa69e9300e4dd8
vLLM,0.20.1,NVIDIA B300 SXM6 AC,Qwen/Qwen3.6-35B-A3B,4,1,4,,bf16,bf16,bf16,bf16,gen,4,1,16,moe,0,40,40,3.5608959197998047,0.0,0,False,noop,execute_model_gpu,1,128,2048,ccfa69e9300e4dd8
vLLM,0.20.1,NVIDIA B300 SXM6 AC,Qwen/Qwen3.6-35B-A3B,4,1,4,,bf16,bf16,bf16,bf16,gen,4,1,128,moe,0,40,40,3.575360059738159,0.0,0,False,noop,execute_model_gpu,1,128,2048,ccfa69e9300e4dd8
vLLM,0.20.1,NVIDIA B300 SXM6 AC,Qwen/Qwen3.6-35B-A3B,4,1,4,,bf16,bf16,bf16,bf16,gen,4,1,256,moe,0,40,40,3.565216064453125,0.0,0,False,noop,execute_model_gpu,1,128,2048,ccfa69e9300e4dd8
vLLM,0.20.1,NVIDIA B300 SXM6 AC,Qwen/Qwen3.6-35B-A3B,4,1,4,,bf16,bf16,bf16,bf16,gen,4,1,512,moe,0,40,40,3.595968008041382,0.0,0,False,noop,execute_model_gpu,1,128,2048,ccfa69e9300e4dd8
vLLM,0.20.1,NVIDIA B300 SXM6 AC,Qwen/Qwen3.6-35B-A3B,4,1,4,,bf16,bf16,bf16,bf16,gen,4,1,1024,moe,0,40,40,3.61680006980896,0.0,0,False,noop,execute_model_gpu,1,128,2048,ccfa69e9300e4dd8
vLLM,0.20.1,NVIDIA B300 SXM6 AC,Qwen/Qwen3.6-35B-A3B,4,1,4,,bf16,bf16,bf16,bf16,gen,4,1,2048,moe,0,40,40,3.689631938934326,0.0,0,False,noop,execute_model_gpu,1,128,2048,ccfa69e9300e4dd8
vLLM,0.20.1,NVIDIA B300 SXM6 AC,Qwen/Qwen3.6-35B-A3B,4,1,4,,bf16,bf16,bf16,bf16,gen,4,1,4096,moe,0,40,40,3.625792026519776,0.0,0,False,noop,execute_model_gpu,1,128,2048,ccfa69e9300e4dd8
vLLM,0.20.1,NVIDIA B300 SXM6 AC,Qwen/Qwen3.6-35B-A3B,4,1,4,,bf16,bf16,bf16,bf16,gen,4,1,8192,moe,0,40,40,3.76201605796814,0.0,0,False,noop,execute_model_gpu,1,128,2048,ccfa69e9300e4dd8
vLLM,0.20.1,NVIDIA B300 SXM6 AC,Qwen/Qwen3.6-35B-A3B,4,1,4,,bf16,bf16,bf16,bf16,gen,4,1,16384,moe,0,40,40,3.794143915176392,0.0,0,False,noop,execute_model_gpu,1,128,2048,ccfa69e9300e4dd8
vLLM,0.20.1,NVIDIA B300 SXM6 AC,Qwen/Qwen3.6-35B-A3B,4,1,4,,bf16,bf16,bf16,bf16,gen,4,1,32768,moe,0,40,40,3.87337589263916,0.0,0,False,noop,execute_model_gpu,1,128,2048,ccfa69e9300e4dd8
vLLM,0.20.1,NVIDIA B300 SXM6 AC,Qwen/Qwen3.6-35B-A3B,4,1,4,,bf16,bf16,bf16,bf16,gen,8,1,1,moe,0,40,40,3.6694719791412354,0.0,0,False,noop,execute_model_gpu,1,128,2048,ccfa69e9300e4dd8
vLLM,0.20.1,NVIDIA B300 SXM6 AC,Qwen/Qwen3.6-35B-A3B,4,1,4,,bf16,bf16,bf16,bf16,gen,8,1,16,moe,0,40,40,3.719647884368897,0.0,0,False,noop,execute_model_gpu,1,128,2048,ccfa69e9300e4dd8
vLLM,0.20.1,NVIDIA B300 SXM6 AC,Qwen/Qwen3.6-35B-A3B,4,1,4,,bf16,bf16,bf16,bf16,gen,8,1,128,moe,0,40,40,3.763520002365112,0.0,0,False,noop,execute_model_gpu,1,128,2048,ccfa69e9300e4dd8
vLLM,0.20.1,NVIDIA B300 SXM6 AC,Qwen/Qwen3.6-35B-A3B,4,1,4,,bf16,bf16,bf16,bf16,gen,8,1,256,moe,0,40,40,3.678400039672852,0.0,0,False,noop,execute_model_gpu,1,128,2048,ccfa69e9300e4dd8
vLLM,0.20.1,NVIDIA B300 SXM6 AC,Qwen/Qwen3.6-35B-A3B,4,1,4,,bf16,bf16,bf16,bf16,gen,8,1,16384,moe,0,40,40,3.884991884231568,0.0,0,False,noop,execute_model_gpu,1,128,2048,ccfa69e9300e4dd8
vLLM,0.20.1,NVIDIA B300 SXM6 AC,Qwen/Qwen3.6-35B-A3B,4,1,4,,bf16,bf16,bf16,bf16,gen,8,1,32768,moe,0,40,40,4.150976181030273,0.0,0,False,noop,execute_model_gpu,1,128,2048,ccfa69e9300e4dd8
vLLM,0.20.1,NVIDIA B300 SXM6 AC,Qwen/Qwen3.6-35B-A3B,4,1,4,,bf16,bf16,bf16,bf16,gen,16,1,1,moe,0,40,40,3.795520067214966,0.0,0,False,noop,execute_model_gpu,1,128,2048,ccfa69e9300e4dd8
vLLM,0.20.1,NVIDIA B300 SXM6 AC,Qwen/Qwen3.6-35B-A3B,4,1,4,,bf16,bf16,bf16,bf16,gen,16,1,16,moe,0,40,40,3.746112108230591,0.0,0,False,noop,execute_model_gpu,1,128,2048,ccfa69e9300e4dd8
vLLM,0.20.1,NVIDIA B300 SXM6 AC,Qwen/Qwen3.6-35B-A3B,4,1,4,,bf16,bf16,bf16,bf16,gen,16,1,128,moe,0,40,40,3.833440065383911,0.0,0,False,noop,execute_model_gpu,1,128,2048,ccfa69e9300e4dd8
vLLM,0.20.1,NVIDIA B300 SXM6 AC,Qwen/Qwen3.6-35B-A3B,4,1,4,,bf16,bf16,bf16,bf16,gen,16,1,16384,moe,0,40,40,4.204959869384766,0.0,0,False,noop,execute_model_gpu,1,128,2048,ccfa69e9300e4dd8
vLLM,0.20.1,NVIDIA B300 SXM6 AC,Qwen/Qwen3.6-35B-A3B,4,1,4,,bf16,bf16,bf16,bf16,gen,16,1,32768,moe,0,40,40,4.489984035491943,0.0,0,False,noop,execute_model_gpu,1,128,2048,ccfa69e9300e4dd8
vLLM,0.20.1,NVIDIA B300 SXM6 AC,Qwen/Qwen3.6-35B-A3B,4,1,4,,bf16,bf16,bf16,bf16,gen,32,1,1,moe,0,40,40,3.954879999160767,0.0,0,False,noop,execute_model_gpu,1,128,2048,ccfa69e9300e4dd8
vLLM,0.20.1,NVIDIA B300 SXM6 AC,Qwen/Qwen3.6-35B-A3B,4,1,4,,bf16,bf16,bf16,bf16,gen,32,1,16,moe,0,40,40,4.091904163360596,0.0,0,False,noop,execute_model_gpu,1,128,2048,ccfa69e9300e4dd8
vLLM,0.20.1,NVIDIA B300 SXM6 AC,Qwen/Qwen3.6-35B-A3B,4,1,4,,bf16,bf16,bf16,bf16,gen,32,1,16384,moe,0,40,40,4.801919937133789,0.0,0,False,noop,execute_model_gpu,1,128,2048,ccfa69e9300e4dd8
vLLM,0.20.1,NVIDIA B300 SXM6 AC,Qwen/Qwen3.6-35B-A3B,4,1,4,,bf16,bf16,bf16,bf16,gen,32,1,32768,moe,0,40,40,5.577888011932373,0.0,0,False,noop,execute_model_gpu,1,128,2048,ccfa69e9300e4dd8
vLLM,0.20.1,NVIDIA B300 SXM6 AC,Qwen/Qwen3.6-35B-A3B,4,1,4,,bf16,bf16,bf16,bf16,gen,64,1,1,moe,0,40,40,4.597695827484131,0.0,0,False,noop,execute_model_gpu,1,128,2048,ccfa69e9300e4dd8
vLLM,0.20.1,NVIDIA B300 SXM6 AC,Qwen/Qwen3.6-35B-A3B,4,1,4,,bf16,bf16,bf16,bf16,gen,64,1,16,moe,0,40,40,4.641632080078125,0.0,0,False,noop,execute_model_gpu,1,128,2048,ccfa69e9300e4dd8
vLLM,0.20.1,NVIDIA B300 SXM6 AC,Qwen/Qwen3.6-35B-A3B,4,1,4,,bf16,bf16,bf16,bf16,gen,64,1,16384,moe,0,40,40,6.1848320960998535,0.0,0,False,noop,execute_model_gpu,1,128,2048,ccfa69e9300e4dd8
vLLM,0.20.1,NVIDIA B300 SXM6 AC,Qwen/Qwen3.6-35B-A3B,4,1,4,,bf16,bf16,bf16,bf16,gen,64,1,32768,moe,0,40,40,7.690911769866943,0.0,0,False,noop,execute_model_gpu,1,128,2048,ccfa69e9300e4dd8
vLLM,0.20.1,NVIDIA B300 SXM6 AC,Qwen/Qwen3.6-35B-A3B,4,1,4,,bf16,bf16,bf16,bf16,gen,128,1,1,moe,0,40,40,4.124224185943604,0.0,0,False,noop,execute_model_gpu,1,128,2048,ccfa69e9300e4dd8
vLLM,0.20.1,NVIDIA B300 SXM6 AC,Qwen/Qwen3.6-35B-A3B,4,1,4,,bf16,bf16,bf16,bf16,gen,128,1,16,moe,0,40,40,4.165247917175293,0.0,0,False,noop,execute_model_gpu,1,128,2048,ccfa69e9300e4dd8
vLLM,0.20.1,NVIDIA B300 SXM6 AC,Qwen/Qwen3.6-35B-A3B,4,1,4,,bf16,bf16,bf16,bf16,gen,128,1,16384,moe,0,40,40,8.664640426635742,0.0,0,False,noop,execute_model_gpu,1,128,2048,ccfa69e9300e4dd8
vLLM,0.20.1,NVIDIA B300 SXM6 AC,Qwen/Qwen3.6-35B-A3B,4,1,4,,bf16,bf16,bf16,bf16,gen,256,1,1,moe,0,40,40,5.525119781494141,0.0,0,False,noop,execute_model_gpu,1,128,2048,ccfa69e9300e4dd8
