HuggingFaceID,Architecture,System,Backend,Version,Mode,Status,ErrMsg,Command
MiniMaxAI/MiniMax-M2.5,MiniMaxM2ForCausalLM,b60,vllm,0.12.0,agg,FRAMEWORK_INCOMPATIBLE,"Final best-effort FRAMEWORK_INCOMPATIBLE (unsupported_gemm_fp8_block): vLLM 0.12.0 on b60 supports gemm modes ['bfloat16', 'fp8']; replay fails validation with unsupported gemm quant mode 'fp8_block'.",uv run aiconfigurator cli default --model MiniMaxAI/MiniMax-M2.5 --total-gpus 128 --system b60 --backend vllm --backend-version 0.12.0 --database-mode SILICON --isl 256 --osl 256 --prefix 128 --ttft 2000000.0 --tpot 50000.0 --top-n 1 --no-color
MiniMaxAI/MiniMax-M2.5,MiniMaxM2ForCausalLM,b60,vllm,0.12.0,disagg,FRAMEWORK_INCOMPATIBLE,"Final best-effort FRAMEWORK_INCOMPATIBLE (unsupported_gemm_fp8_block): vLLM 0.12.0 on b60 supports gemm modes ['bfloat16', 'fp8']; replay fails validation with unsupported gemm quant mode 'fp8_block'.",uv run aiconfigurator cli default --model MiniMaxAI/MiniMax-M2.5 --total-gpus 128 --system b60 --backend vllm --backend-version 0.12.0 --database-mode SILICON --isl 256 --osl 256 --prefix 128 --ttft 2000000.0 --tpot 50000.0 --top-n 1 --no-color
MiniMaxAI/MiniMax-M2.7,MiniMaxM2ForCausalLM,b60,vllm,0.12.0,agg,FRAMEWORK_INCOMPATIBLE,"Final best-effort FRAMEWORK_INCOMPATIBLE (unsupported_gemm_fp8_block): vLLM 0.12.0 on b60 supports gemm modes ['bfloat16', 'fp8']; replay fails validation with unsupported gemm quant mode 'fp8_block'.",uv run aiconfigurator cli default --model MiniMaxAI/MiniMax-M2.7 --total-gpus 128 --system b60 --backend vllm --backend-version 0.12.0 --database-mode SILICON --isl 256 --osl 256 --prefix 128 --ttft 2000000.0 --tpot 50000.0 --top-n 1 --no-color
MiniMaxAI/MiniMax-M2.7,MiniMaxM2ForCausalLM,b60,vllm,0.12.0,disagg,FRAMEWORK_INCOMPATIBLE,"Final best-effort FRAMEWORK_INCOMPATIBLE (unsupported_gemm_fp8_block): vLLM 0.12.0 on b60 supports gemm modes ['bfloat16', 'fp8']; replay fails validation with unsupported gemm quant mode 'fp8_block'.",uv run aiconfigurator cli default --model MiniMaxAI/MiniMax-M2.7 --total-gpus 128 --system b60 --backend vllm --backend-version 0.12.0 --database-mode SILICON --isl 256 --osl 256 --prefix 128 --ttft 2000000.0 --tpot 50000.0 --top-n 1 --no-color
Qwen/Qwen3-0.6B,Qwen3ForCausalLM,b60,vllm,0.12.0,agg,PASS,,uv run aiconfigurator cli default --model Qwen/Qwen3-0.6B --total-gpus 4 --system b60 --backend vllm --backend-version 0.12.0 --database-mode SILICON --isl 256 --osl 256 --prefix 128 --ttft 1500.0 --tpot 50.0 --top-n 1 --no-color
Qwen/Qwen3-0.6B,Qwen3ForCausalLM,b60,vllm,0.12.0,disagg,PASS,,uv run aiconfigurator cli default --model Qwen/Qwen3-0.6B --total-gpus 4 --system b60 --backend vllm --backend-version 0.12.0 --database-mode SILICON --isl 256 --osl 256 --prefix 128 --ttft 1500.0 --tpot 50.0 --top-n 1 --no-color
Qwen/Qwen3-1.7B,Qwen3ForCausalLM,b60,vllm,0.12.0,agg,PASS,,uv run aiconfigurator cli default --model Qwen/Qwen3-1.7B --total-gpus 4 --system b60 --backend vllm --backend-version 0.12.0 --database-mode SILICON --isl 256 --osl 256 --prefix 128 --ttft 1500.0 --tpot 50.0 --top-n 1 --no-color
Qwen/Qwen3-1.7B,Qwen3ForCausalLM,b60,vllm,0.12.0,disagg,PASS,,uv run aiconfigurator cli default --model Qwen/Qwen3-1.7B --total-gpus 4 --system b60 --backend vllm --backend-version 0.12.0 --database-mode SILICON --isl 256 --osl 256 --prefix 128 --ttft 1500.0 --tpot 50.0 --top-n 1 --no-color
Qwen/Qwen3-235B-A22B,Qwen3MoeForCausalLM,b60,vllm,0.12.0,agg,FRAMEWORK_INCOMPATIBLE,"Final best-effort FRAMEWORK_INCOMPATIBLE (missing_moe_shape): vLLM 0.12.0 b60 SILICON replay needs MoE data for num_tokens=128.0, hidden_size=4096, inter_size=1536, topk=8, num_experts=128, moe_tp_size=8, moe_ep_size=1, quant_mode=<MoEQuantMode.bfloat16: QuantMapping(memory=2, compute=1, name='bfloat16')>, workload_distribution='power_law_1.2'; existing perf data has no matching silicon row and no b60 debug allocation source was available for recollection.",uv run aiconfigurator cli default --model Qwen/Qwen3-235B-A22B --total-gpus 128 --system b60 --backend vllm --backend-version 0.12.0 --database-mode SILICON --isl 256 --osl 256 --prefix 128 --ttft 2000000.0 --tpot 50000.0 --top-n 1 --no-color
Qwen/Qwen3-235B-A22B,Qwen3MoeForCausalLM,b60,vllm,0.12.0,disagg,FRAMEWORK_INCOMPATIBLE,"Final best-effort FRAMEWORK_INCOMPATIBLE (missing_moe_shape): vLLM 0.12.0 b60 SILICON replay needs MoE data for num_tokens=128, hidden_size=4096, inter_size=1536, topk=8, num_experts=128, moe_tp_size=8, moe_ep_size=1, quant_mode=<MoEQuantMode.bfloat16: QuantMapping(memory=2, compute=1, name='bfloat16')>, workload_distribution='power_law_1.2'; existing perf data has no matching silicon row and no b60 debug allocation source was available for recollection.",uv run aiconfigurator cli default --model Qwen/Qwen3-235B-A22B --total-gpus 128 --system b60 --backend vllm --backend-version 0.12.0 --database-mode SILICON --isl 256 --osl 256 --prefix 128 --ttft 2000000.0 --tpot 50000.0 --top-n 1 --no-color
Qwen/Qwen3-235B-A22B-FP8,Qwen3MoeForCausalLM,b60,vllm,0.12.0,agg,FRAMEWORK_INCOMPATIBLE,"Final best-effort FRAMEWORK_INCOMPATIBLE (unsupported_gemm_fp8_block): vLLM 0.12.0 on b60 supports gemm modes ['bfloat16', 'fp8']; replay fails validation with unsupported gemm quant mode 'fp8_block'.",uv run aiconfigurator cli default --model Qwen/Qwen3-235B-A22B-FP8 --total-gpus 128 --system b60 --backend vllm --backend-version 0.12.0 --database-mode SILICON --isl 256 --osl 256 --prefix 128 --ttft 2000000.0 --tpot 50000.0 --top-n 1 --no-color
Qwen/Qwen3-235B-A22B-FP8,Qwen3MoeForCausalLM,b60,vllm,0.12.0,disagg,FRAMEWORK_INCOMPATIBLE,"Final best-effort FRAMEWORK_INCOMPATIBLE (unsupported_gemm_fp8_block): vLLM 0.12.0 on b60 supports gemm modes ['bfloat16', 'fp8']; replay fails validation with unsupported gemm quant mode 'fp8_block'.",uv run aiconfigurator cli default --model Qwen/Qwen3-235B-A22B-FP8 --total-gpus 128 --system b60 --backend vllm --backend-version 0.12.0 --database-mode SILICON --isl 256 --osl 256 --prefix 128 --ttft 2000000.0 --tpot 50000.0 --top-n 1 --no-color
Qwen/Qwen3-30B-A3B,Qwen3MoeForCausalLM,b60,vllm,0.12.0,agg,PASS,,uv run aiconfigurator cli default --model Qwen/Qwen3-30B-A3B --total-gpus 32 --system b60 --backend vllm --backend-version 0.12.0 --database-mode SILICON --isl 256 --osl 256 --prefix 128 --ttft 2000.0 --tpot 50.0 --top-n 1 --no-color
Qwen/Qwen3-30B-A3B,Qwen3MoeForCausalLM,b60,vllm,0.12.0,disagg,PASS,,uv run aiconfigurator cli default --model Qwen/Qwen3-30B-A3B --total-gpus 32 --system b60 --backend vllm --backend-version 0.12.0 --database-mode SILICON --isl 256 --osl 256 --prefix 128 --ttft 2000.0 --tpot 50.0 --top-n 1 --no-color
Qwen/Qwen3-30B-A3B-FP8,Qwen3MoeForCausalLM,b60,vllm,0.12.0,agg,FRAMEWORK_INCOMPATIBLE,"Final best-effort FRAMEWORK_INCOMPATIBLE (unsupported_gemm_fp8_block): vLLM 0.12.0 on b60 supports gemm modes ['bfloat16', 'fp8']; replay fails validation with unsupported gemm quant mode 'fp8_block'.",uv run aiconfigurator cli default --model Qwen/Qwen3-30B-A3B-FP8 --total-gpus 32 --system b60 --backend vllm --backend-version 0.12.0 --database-mode SILICON --isl 256 --osl 256 --prefix 128 --ttft 2000.0 --tpot 50.0 --top-n 1 --no-color
Qwen/Qwen3-30B-A3B-FP8,Qwen3MoeForCausalLM,b60,vllm,0.12.0,disagg,FRAMEWORK_INCOMPATIBLE,"Final best-effort FRAMEWORK_INCOMPATIBLE (unsupported_gemm_fp8_block): vLLM 0.12.0 on b60 supports gemm modes ['bfloat16', 'fp8']; replay fails validation with unsupported gemm quant mode 'fp8_block'.",uv run aiconfigurator cli default --model Qwen/Qwen3-30B-A3B-FP8 --total-gpus 32 --system b60 --backend vllm --backend-version 0.12.0 --database-mode SILICON --isl 256 --osl 256 --prefix 128 --ttft 2000.0 --tpot 50.0 --top-n 1 --no-color
Qwen/Qwen3-32B,Qwen3ForCausalLM,b60,vllm,0.12.0,agg,PASS,,uv run aiconfigurator cli default --model Qwen/Qwen3-32B --total-gpus 32 --system b60 --backend vllm --backend-version 0.12.0 --database-mode SILICON --isl 256 --osl 256 --prefix 128 --ttft 2000.0 --tpot 50.0 --top-n 1 --no-color
Qwen/Qwen3-32B,Qwen3ForCausalLM,b60,vllm,0.12.0,disagg,PASS,,uv run aiconfigurator cli default --model Qwen/Qwen3-32B --total-gpus 32 --system b60 --backend vllm --backend-version 0.12.0 --database-mode SILICON --isl 256 --osl 256 --prefix 128 --ttft 2000.0 --tpot 50.0 --top-n 1 --no-color
Qwen/Qwen3-32B-FP8,Qwen3ForCausalLM,b60,vllm,0.12.0,agg,FRAMEWORK_INCOMPATIBLE,"Final best-effort FRAMEWORK_INCOMPATIBLE (unsupported_gemm_fp8_block): vLLM 0.12.0 on b60 supports gemm modes ['bfloat16', 'fp8']; replay fails validation with unsupported gemm quant mode 'fp8_block'.",uv run aiconfigurator cli default --model Qwen/Qwen3-32B-FP8 --total-gpus 32 --system b60 --backend vllm --backend-version 0.12.0 --database-mode SILICON --isl 256 --osl 256 --prefix 128 --ttft 2000.0 --tpot 50.0 --top-n 1 --no-color
Qwen/Qwen3-32B-FP8,Qwen3ForCausalLM,b60,vllm,0.12.0,disagg,FRAMEWORK_INCOMPATIBLE,"Final best-effort FRAMEWORK_INCOMPATIBLE (unsupported_gemm_fp8_block): vLLM 0.12.0 on b60 supports gemm modes ['bfloat16', 'fp8']; replay fails validation with unsupported gemm quant mode 'fp8_block'.",uv run aiconfigurator cli default --model Qwen/Qwen3-32B-FP8 --total-gpus 32 --system b60 --backend vllm --backend-version 0.12.0 --database-mode SILICON --isl 256 --osl 256 --prefix 128 --ttft 2000.0 --tpot 50.0 --top-n 1 --no-color
Qwen/Qwen3-32B-FP8-Static-PerTensor,Qwen3ForCausalLM,b60,vllm,0.12.0,agg,FRAMEWORK_INCOMPATIBLE,"Traceback (most recent call last):\n  File ""tools/support_matrix/support_matrix.py"", line 820, in run_single_test\n    python_pareto_df = SupportMatrix._run_mode(\n                       ^^^^^^^^^^^^^^^^^^^^^^^^\n  File ""tools/support_matrix/support_matrix.py"", line 710, in _run_mode\n    task_config = SupportMatrix._create_task_config(\n                  ^^^^^^^^^^^^^^^^^^^^^^^^^^^^^^^^^^\n  File ""tools/support_matrix/support_matrix.py"", line 696, in _create_task_config\n    return TaskConfig(**task_config_kwargs)\n           ^^^^^^^^^^^^^^^^^^^^^^^^^^^^^^^^\n  File ""src/aiconfigurator/sdk/task.py"", line 912, in __init__\n    self.validate()\n  File ""src/aiconfigurator/sdk/task.py"", line 1090, in validate\n    _validate_worker_config(\n  File ""src/aiconfigurator/sdk/task.py"", line 1049, in _validate_worker_config\n    _supported_or_raise(""gemm"", gemm_mode, supported, system_name, backend_version)\n  File ""src/aiconfigurator/sdk/task.py"", line 977, in _supported_or_raise\n    raise exc_type(\nValueError: Unsupported gemm quant mode 'fp8_static' for system='b60', backend='vllm', version='0.12.0'. Supported gemm modes: ['bfloat16', 'fp8']\n",uv run aiconfigurator cli default --model Qwen/Qwen3-32B-FP8-Static-PerTensor --total-gpus 32 --system b60 --backend vllm --backend-version 0.12.0 --database-mode SILICON --isl 256 --osl 256 --prefix 128 --ttft 2000.0 --tpot 50.0 --top-n 1 --no-color
Qwen/Qwen3-32B-FP8-Static-PerTensor,Qwen3ForCausalLM,b60,vllm,0.12.0,disagg,FRAMEWORK_INCOMPATIBLE,"Traceback (most recent call last):\n  File ""tools/support_matrix/support_matrix.py"", line 820, in run_single_test\n    python_pareto_df = SupportMatrix._run_mode(\n                       ^^^^^^^^^^^^^^^^^^^^^^^^\n  File ""tools/support_matrix/support_matrix.py"", line 710, in _run_mode\n    task_config = SupportMatrix._create_task_config(\n                  ^^^^^^^^^^^^^^^^^^^^^^^^^^^^^^^^^^\n  File ""tools/support_matrix/support_matrix.py"", line 696, in _create_task_config\n    return TaskConfig(**task_config_kwargs)\n           ^^^^^^^^^^^^^^^^^^^^^^^^^^^^^^^^\n  File ""src/aiconfigurator/sdk/task.py"", line 912, in __init__\n    self.validate()\n  File ""src/aiconfigurator/sdk/task.py"", line 1094, in validate\n    _validate_worker_config(\n  File ""src/aiconfigurator/sdk/task.py"", line 1049, in _validate_worker_config\n    _supported_or_raise(""gemm"", gemm_mode, supported, system_name, backend_version)\n  File ""src/aiconfigurator/sdk/task.py"", line 977, in _supported_or_raise\n    raise exc_type(\nValueError: Unsupported gemm quant mode 'fp8_static' for system='b60', backend='vllm', version='0.12.0'. Supported gemm modes: ['bfloat16', 'fp8']\n",uv run aiconfigurator cli default --model Qwen/Qwen3-32B-FP8-Static-PerTensor --total-gpus 32 --system b60 --backend vllm --backend-version 0.12.0 --database-mode SILICON --isl 256 --osl 256 --prefix 128 --ttft 2000.0 --tpot 50.0 --top-n 1 --no-color
Qwen/Qwen3-8B,Qwen3ForCausalLM,b60,vllm,0.12.0,agg,PASS,,uv run aiconfigurator cli default --model Qwen/Qwen3-8B --total-gpus 4 --system b60 --backend vllm --backend-version 0.12.0 --database-mode SILICON --isl 256 --osl 256 --prefix 128 --ttft 1500.0 --tpot 50.0 --top-n 1 --no-color
Qwen/Qwen3-8B,Qwen3ForCausalLM,b60,vllm,0.12.0,disagg,PASS,,uv run aiconfigurator cli default --model Qwen/Qwen3-8B --total-gpus 4 --system b60 --backend vllm --backend-version 0.12.0 --database-mode SILICON --isl 256 --osl 256 --prefix 128 --ttft 1500.0 --tpot 50.0 --top-n 1 --no-color
Qwen/Qwen3-Coder-480B-A35B-Instruct,Qwen3MoeForCausalLM,b60,vllm,0.12.0,agg,FRAMEWORK_INCOMPATIBLE,"Final best-effort FRAMEWORK_INCOMPATIBLE (missing_moe_shape): vLLM 0.12.0 b60 SILICON replay needs MoE data for num_tokens=128.0, hidden_size=6144, inter_size=2560, topk=8, num_experts=160, moe_tp_size=8, moe_ep_size=1, quant_mode=<MoEQuantMode.bfloat16: QuantMapping(memory=2, compute=1, name='bfloat16')>, workload_distribution='power_law_1.2'; existing perf data has no matching silicon row and no b60 debug allocation source was available for recollection.",uv run aiconfigurator cli default --model Qwen/Qwen3-Coder-480B-A35B-Instruct --total-gpus 128 --system b60 --backend vllm --backend-version 0.12.0 --database-mode SILICON --isl 256 --osl 256 --prefix 128 --ttft 2000000.0 --tpot 50000.0 --top-n 1 --no-color
Qwen/Qwen3-Coder-480B-A35B-Instruct,Qwen3MoeForCausalLM,b60,vllm,0.12.0,disagg,FRAMEWORK_INCOMPATIBLE,"Final best-effort FRAMEWORK_INCOMPATIBLE (missing_moe_shape): vLLM 0.12.0 b60 SILICON replay needs MoE data for num_tokens=128, hidden_size=6144, inter_size=2560, topk=8, num_experts=160, moe_tp_size=8, moe_ep_size=1, quant_mode=<MoEQuantMode.bfloat16: QuantMapping(memory=2, compute=1, name='bfloat16')>, workload_distribution='power_law_1.2'; existing perf data has no matching silicon row and no b60 debug allocation source was available for recollection.",uv run aiconfigurator cli default --model Qwen/Qwen3-Coder-480B-A35B-Instruct --total-gpus 128 --system b60 --backend vllm --backend-version 0.12.0 --database-mode SILICON --isl 256 --osl 256 --prefix 128 --ttft 2000000.0 --tpot 50000.0 --top-n 1 --no-color
Qwen/Qwen3.5-27B,Qwen3_5ForConditionalGeneration,b60,vllm,0.12.0,agg,FRAMEWORK_INCOMPATIBLE,"Final best-effort FRAMEWORK_INCOMPATIBLE (missing_context_attention_shape): vLLM 0.12.0 b60 SILICON replay needs context-attention data for b=1, s=128.0, prefix=128.0, n=3, n_kv=1, head_size=256, window_size=0, kvcache_quant_mode=<KVCacheQuantMode.bfloat16: QuantMapping(memory=2, compute=0, name='bfloat16')>, fmha_quant_mode=<FMHAQuantMode.bfloat16: QuantMapping(memory=2, compute=1, name='bfloat16')>; existing perf data has no matching silicon row and no b60 debug allocation source was available for recollection.",uv run aiconfigurator cli default --model Qwen/Qwen3.5-27B --total-gpus 32 --system b60 --backend vllm --backend-version 0.12.0 --database-mode SILICON --isl 256 --osl 256 --prefix 128 --ttft 2000.0 --tpot 50.0 --top-n 1 --no-color
Qwen/Qwen3.5-27B,Qwen3_5ForConditionalGeneration,b60,vllm,0.12.0,disagg,FRAMEWORK_INCOMPATIBLE,"Final best-effort FRAMEWORK_INCOMPATIBLE (missing_context_attention_shape): vLLM 0.12.0 b60 SILICON replay needs context-attention data for b=1, s=128, prefix=128, n=3, n_kv=1, head_size=256, window_size=0, kvcache_quant_mode=<KVCacheQuantMode.bfloat16: QuantMapping(memory=2, compute=0, name='bfloat16')>, fmha_quant_mode=<FMHAQuantMode.bfloat16: QuantMapping(memory=2, compute=1, name='bfloat16')>; existing perf data has no matching silicon row and no b60 debug allocation source was available for recollection.",uv run aiconfigurator cli default --model Qwen/Qwen3.5-27B --total-gpus 32 --system b60 --backend vllm --backend-version 0.12.0 --database-mode SILICON --isl 256 --osl 256 --prefix 128 --ttft 2000.0 --tpot 50.0 --top-n 1 --no-color
Qwen/Qwen3.5-35B-A3B,Qwen3_5MoeForConditionalGeneration,b60,vllm,0.12.0,agg,FRAMEWORK_INCOMPATIBLE,"Final best-effort FRAMEWORK_INCOMPATIBLE (missing_moe_shape): vLLM 0.12.0 b60 SILICON replay needs MoE data for num_tokens=128.0, hidden_size=2048, inter_size=512, topk=8, num_experts=256, moe_tp_size=8, moe_ep_size=1, quant_mode=<MoEQuantMode.bfloat16: QuantMapping(memory=2, compute=1, name='bfloat16')>, workload_distribution='power_law_1.2'; existing perf data has no matching silicon row and no b60 debug allocation source was available for recollection.",uv run aiconfigurator cli default --model Qwen/Qwen3.5-35B-A3B --total-gpus 32 --system b60 --backend vllm --backend-version 0.12.0 --database-mode SILICON --isl 256 --osl 256 --prefix 128 --ttft 2000.0 --tpot 50.0 --top-n 1 --no-color
Qwen/Qwen3.5-35B-A3B,Qwen3_5MoeForConditionalGeneration,b60,vllm,0.12.0,disagg,FRAMEWORK_INCOMPATIBLE,"Final best-effort FRAMEWORK_INCOMPATIBLE (missing_moe_shape): vLLM 0.12.0 b60 SILICON replay needs MoE data for num_tokens=128, hidden_size=2048, inter_size=512, topk=8, num_experts=256, moe_tp_size=8, moe_ep_size=1, quant_mode=<MoEQuantMode.bfloat16: QuantMapping(memory=2, compute=1, name='bfloat16')>, workload_distribution='power_law_1.2'; existing perf data has no matching silicon row and no b60 debug allocation source was available for recollection.",uv run aiconfigurator cli default --model Qwen/Qwen3.5-35B-A3B --total-gpus 32 --system b60 --backend vllm --backend-version 0.12.0 --database-mode SILICON --isl 256 --osl 256 --prefix 128 --ttft 2000.0 --tpot 50.0 --top-n 1 --no-color
Qwen/Qwen3.5-397B-A17B,Qwen3_5MoeForConditionalGeneration,b60,vllm,0.12.0,agg,FRAMEWORK_INCOMPATIBLE,"Final best-effort FRAMEWORK_INCOMPATIBLE (missing_moe_shape): vLLM 0.12.0 b60 SILICON replay needs MoE data for num_tokens=128.0, hidden_size=4096, inter_size=1024, topk=10, num_experts=512, moe_tp_size=8, moe_ep_size=1, quant_mode=<MoEQuantMode.bfloat16: QuantMapping(memory=2, compute=1, name='bfloat16')>, workload_distribution='power_law_1.2'; existing perf data has no matching silicon row and no b60 debug allocation source was available for recollection.",uv run aiconfigurator cli default --model Qwen/Qwen3.5-397B-A17B --total-gpus 128 --system b60 --backend vllm --backend-version 0.12.0 --database-mode SILICON --isl 256 --osl 256 --prefix 128 --ttft 2000000.0 --tpot 50000.0 --top-n 1 --no-color
Qwen/Qwen3.5-397B-A17B,Qwen3_5MoeForConditionalGeneration,b60,vllm,0.12.0,disagg,FRAMEWORK_INCOMPATIBLE,"Final best-effort FRAMEWORK_INCOMPATIBLE (missing_moe_shape): vLLM 0.12.0 b60 SILICON replay needs MoE data for num_tokens=128, hidden_size=4096, inter_size=1024, topk=10, num_experts=512, moe_tp_size=8, moe_ep_size=1, quant_mode=<MoEQuantMode.bfloat16: QuantMapping(memory=2, compute=1, name='bfloat16')>, workload_distribution='power_law_1.2'; existing perf data has no matching silicon row and no b60 debug allocation source was available for recollection.",uv run aiconfigurator cli default --model Qwen/Qwen3.5-397B-A17B --total-gpus 128 --system b60 --backend vllm --backend-version 0.12.0 --database-mode SILICON --isl 256 --osl 256 --prefix 128 --ttft 2000000.0 --tpot 50000.0 --top-n 1 --no-color
XiaomiMiMo/MiMo-7B-Base,MiMoForCausalLM,b60,vllm,0.12.0,agg,PASS,,uv run aiconfigurator cli default --model XiaomiMiMo/MiMo-7B-Base --total-gpus 4 --system b60 --backend vllm --backend-version 0.12.0 --database-mode SILICON --isl 256 --osl 256 --prefix 128 --ttft 1500.0 --tpot 50.0 --top-n 1 --no-color
XiaomiMiMo/MiMo-7B-Base,MiMoForCausalLM,b60,vllm,0.12.0,disagg,PASS,,uv run aiconfigurator cli default --model XiaomiMiMo/MiMo-7B-Base --total-gpus 4 --system b60 --backend vllm --backend-version 0.12.0 --database-mode SILICON --isl 256 --osl 256 --prefix 128 --ttft 1500.0 --tpot 50.0 --top-n 1 --no-color
XiaomiMiMo/MiMo-V2-Flash,MiMoV2FlashForCausalLM,b60,vllm,0.12.0,agg,FRAMEWORK_INCOMPATIBLE,"Final best-effort FRAMEWORK_INCOMPATIBLE (unsupported_gemm_fp8_block): vLLM 0.12.0 on b60 supports gemm modes ['bfloat16', 'fp8']; replay fails validation with unsupported gemm quant mode 'fp8_block'.",uv run aiconfigurator cli default --model XiaomiMiMo/MiMo-V2-Flash --total-gpus 128 --system b60 --backend vllm --backend-version 0.12.0 --database-mode SILICON --isl 256 --osl 256 --prefix 128 --ttft 2000000.0 --tpot 50000.0 --top-n 1 --no-color
XiaomiMiMo/MiMo-V2-Flash,MiMoV2FlashForCausalLM,b60,vllm,0.12.0,disagg,FRAMEWORK_INCOMPATIBLE,"Final best-effort FRAMEWORK_INCOMPATIBLE (unsupported_gemm_fp8_block): vLLM 0.12.0 on b60 supports gemm modes ['bfloat16', 'fp8']; replay fails validation with unsupported gemm quant mode 'fp8_block'.",uv run aiconfigurator cli default --model XiaomiMiMo/MiMo-V2-Flash --total-gpus 128 --system b60 --backend vllm --backend-version 0.12.0 --database-mode SILICON --isl 256 --osl 256 --prefix 128 --ttft 2000000.0 --tpot 50000.0 --top-n 1 --no-color
deepseek-ai/DeepSeek-R1,DeepseekV3ForCausalLM,b60,vllm,0.12.0,agg,FRAMEWORK_INCOMPATIBLE,"Final best-effort FRAMEWORK_INCOMPATIBLE (unsupported_gemm_fp8_block): vLLM 0.12.0 on b60 supports gemm modes ['bfloat16', 'fp8']; replay fails validation with unsupported gemm quant mode 'fp8_block'.",uv run aiconfigurator cli default --model deepseek-ai/DeepSeek-R1 --total-gpus 128 --system b60 --backend vllm --backend-version 0.12.0 --database-mode SILICON --isl 256 --osl 256 --prefix 128 --ttft 2000000.0 --tpot 50000.0 --top-n 1 --no-color
deepseek-ai/DeepSeek-R1,DeepseekV3ForCausalLM,b60,vllm,0.12.0,disagg,FRAMEWORK_INCOMPATIBLE,"Final best-effort FRAMEWORK_INCOMPATIBLE (unsupported_gemm_fp8_block): vLLM 0.12.0 on b60 supports gemm modes ['bfloat16', 'fp8']; replay fails validation with unsupported gemm quant mode 'fp8_block'.",uv run aiconfigurator cli default --model deepseek-ai/DeepSeek-R1 --total-gpus 128 --system b60 --backend vllm --backend-version 0.12.0 --database-mode SILICON --isl 256 --osl 256 --prefix 128 --ttft 2000000.0 --tpot 50000.0 --top-n 1 --no-color
deepseek-ai/DeepSeek-V3,DeepseekV3ForCausalLM,b60,vllm,0.12.0,agg,FRAMEWORK_INCOMPATIBLE,"Final best-effort FRAMEWORK_INCOMPATIBLE (unsupported_gemm_fp8_block): vLLM 0.12.0 on b60 supports gemm modes ['bfloat16', 'fp8']; replay fails validation with unsupported gemm quant mode 'fp8_block'.",uv run aiconfigurator cli default --model deepseek-ai/DeepSeek-V3 --total-gpus 128 --system b60 --backend vllm --backend-version 0.12.0 --database-mode SILICON --isl 256 --osl 256 --prefix 128 --ttft 2000000.0 --tpot 50000.0 --top-n 1 --no-color
deepseek-ai/DeepSeek-V3,DeepseekV3ForCausalLM,b60,vllm,0.12.0,disagg,FRAMEWORK_INCOMPATIBLE,"Final best-effort FRAMEWORK_INCOMPATIBLE (unsupported_gemm_fp8_block): vLLM 0.12.0 on b60 supports gemm modes ['bfloat16', 'fp8']; replay fails validation with unsupported gemm quant mode 'fp8_block'.",uv run aiconfigurator cli default --model deepseek-ai/DeepSeek-V3 --total-gpus 128 --system b60 --backend vllm --backend-version 0.12.0 --database-mode SILICON --isl 256 --osl 256 --prefix 128 --ttft 2000000.0 --tpot 50000.0 --top-n 1 --no-color
deepseek-ai/DeepSeek-V3.2,DeepseekV32ForCausalLM,b60,vllm,0.12.0,agg,FRAMEWORK_INCOMPATIBLE,"Final best-effort FRAMEWORK_INCOMPATIBLE (unsupported_gemm_fp8_block): vLLM 0.12.0 on b60 supports gemm modes ['bfloat16', 'fp8']; replay fails validation with unsupported gemm quant mode 'fp8_block'.",uv run aiconfigurator cli default --model deepseek-ai/DeepSeek-V3.2 --total-gpus 128 --system b60 --backend vllm --backend-version 0.12.0 --database-mode SILICON --isl 256 --osl 256 --prefix 128 --ttft 2000000.0 --tpot 50000.0 --top-n 1 --no-color
deepseek-ai/DeepSeek-V3.2,DeepseekV32ForCausalLM,b60,vllm,0.12.0,disagg,FRAMEWORK_INCOMPATIBLE,"Final best-effort FRAMEWORK_INCOMPATIBLE (unsupported_gemm_fp8_block): vLLM 0.12.0 on b60 supports gemm modes ['bfloat16', 'fp8']; replay fails validation with unsupported gemm quant mode 'fp8_block'.",uv run aiconfigurator cli default --model deepseek-ai/DeepSeek-V3.2 --total-gpus 128 --system b60 --backend vllm --backend-version 0.12.0 --database-mode SILICON --isl 256 --osl 256 --prefix 128 --ttft 2000000.0 --tpot 50000.0 --top-n 1 --no-color
deepseek-ai/DeepSeek-V4-Flash,DeepseekV4ForCausalLM,b60,vllm,0.12.0,agg,HW_INCOMPATIBLE,CPU-verified deterministic hardware-incompatible: b60 does not support FP4 required by deepseek-ai/DeepSeek-V4-Flash,uv run aiconfigurator cli default --model deepseek-ai/DeepSeek-V4-Flash --total-gpus 128 --system b60 --backend vllm --backend-version 0.12.0 --database-mode SILICON --isl 256 --osl 256 --prefix 128 --ttft 2000000.0 --tpot 50000.0 --top-n 1 --no-color
deepseek-ai/DeepSeek-V4-Flash,DeepseekV4ForCausalLM,b60,vllm,0.12.0,disagg,HW_INCOMPATIBLE,CPU-verified deterministic hardware-incompatible: b60 does not support FP4 required by deepseek-ai/DeepSeek-V4-Flash,uv run aiconfigurator cli default --model deepseek-ai/DeepSeek-V4-Flash --total-gpus 128 --system b60 --backend vllm --backend-version 0.12.0 --database-mode SILICON --isl 256 --osl 256 --prefix 128 --ttft 2000000.0 --tpot 50000.0 --top-n 1 --no-color
deepseek-ai/DeepSeek-V4-Pro,DeepseekV4ForCausalLM,b60,vllm,0.12.0,agg,HW_INCOMPATIBLE,CPU-verified deterministic hardware-incompatible: b60 does not support FP4 required by deepseek-ai/DeepSeek-V4-Pro,uv run aiconfigurator cli default --model deepseek-ai/DeepSeek-V4-Pro --total-gpus 128 --system b60 --backend vllm --backend-version 0.12.0 --database-mode SILICON --isl 256 --osl 256 --prefix 128 --ttft 2000000.0 --tpot 50000.0 --top-n 1 --no-color
deepseek-ai/DeepSeek-V4-Pro,DeepseekV4ForCausalLM,b60,vllm,0.12.0,disagg,HW_INCOMPATIBLE,CPU-verified deterministic hardware-incompatible: b60 does not support FP4 required by deepseek-ai/DeepSeek-V4-Pro,uv run aiconfigurator cli default --model deepseek-ai/DeepSeek-V4-Pro --total-gpus 128 --system b60 --backend vllm --backend-version 0.12.0 --database-mode SILICON --isl 256 --osl 256 --prefix 128 --ttft 2000000.0 --tpot 50000.0 --top-n 1 --no-color
google/gemma-4-26B-A4B,Gemma4ForConditionalGeneration,b60,vllm,0.12.0,agg,FRAMEWORK_INCOMPATIBLE,"Final best-effort FRAMEWORK_INCOMPATIBLE (missing_context_attention_shape): vLLM 0.12.0 b60 SILICON replay needs context-attention data for b=1, s=128.0, prefix=128.0, n=2, n_kv=1, head_size=256, window_size=1024, kvcache_quant_mode=<KVCacheQuantMode.bfloat16: QuantMapping(memory=2, compute=0, name='bfloat16')>, fmha_quant_mode=<FMHAQuantMode.bfloat16: QuantMapping(memory=2, compute=1, name='bfloat16')>; existing perf data has no matching silicon row and no b60 debug allocation source was available for recollection.",uv run aiconfigurator cli default --model google/gemma-4-26B-A4B --total-gpus 32 --system b60 --backend vllm --backend-version 0.12.0 --database-mode SILICON --isl 256 --osl 256 --prefix 128 --ttft 2000.0 --tpot 50.0 --top-n 1 --no-color
google/gemma-4-26B-A4B,Gemma4ForConditionalGeneration,b60,vllm,0.12.0,disagg,FRAMEWORK_INCOMPATIBLE,"Final best-effort FRAMEWORK_INCOMPATIBLE (missing_context_attention_shape): vLLM 0.12.0 b60 SILICON replay needs context-attention data for b=1, s=128, prefix=128, n=2, n_kv=1, head_size=256, window_size=1024, kvcache_quant_mode=<KVCacheQuantMode.bfloat16: QuantMapping(memory=2, compute=0, name='bfloat16')>, fmha_quant_mode=<FMHAQuantMode.bfloat16: QuantMapping(memory=2, compute=1, name='bfloat16')>; existing perf data has no matching silicon row and no b60 debug allocation source was available for recollection.",uv run aiconfigurator cli default --model google/gemma-4-26B-A4B --total-gpus 32 --system b60 --backend vllm --backend-version 0.12.0 --database-mode SILICON --isl 256 --osl 256 --prefix 128 --ttft 2000.0 --tpot 50.0 --top-n 1 --no-color
meta-llama/Llama-4-Maverick-17B-128E-Instruct,Llama4ForConditionalGeneration,b60,vllm,0.12.0,agg,FRAMEWORK_INCOMPATIBLE,"Final best-effort FRAMEWORK_INCOMPATIBLE (missing_moe_shape): vLLM 0.12.0 b60 SILICON replay needs MoE data for num_tokens=128.0, hidden_size=5120, inter_size=8192, topk=1, num_experts=128, moe_tp_size=8, moe_ep_size=1, quant_mode=<MoEQuantMode.bfloat16: QuantMapping(memory=2, compute=1, name='bfloat16')>, workload_distribution='power_law_1.01'; existing perf data has no matching silicon row and no b60 debug allocation source was available for recollection.",uv run aiconfigurator cli default --model meta-llama/Llama-4-Maverick-17B-128E-Instruct --total-gpus 128 --system b60 --backend vllm --backend-version 0.12.0 --database-mode SILICON --isl 256 --osl 256 --prefix 128 --ttft 2000000.0 --tpot 50000.0 --top-n 1 --no-color
meta-llama/Llama-4-Maverick-17B-128E-Instruct,Llama4ForConditionalGeneration,b60,vllm,0.12.0,disagg,FRAMEWORK_INCOMPATIBLE,"Final best-effort FRAMEWORK_INCOMPATIBLE (missing_moe_shape): vLLM 0.12.0 b60 SILICON replay needs MoE data for num_tokens=128, hidden_size=5120, inter_size=8192, topk=1, num_experts=128, moe_tp_size=8, moe_ep_size=1, quant_mode=<MoEQuantMode.bfloat16: QuantMapping(memory=2, compute=1, name='bfloat16')>, workload_distribution='power_law_1.01'; existing perf data has no matching silicon row and no b60 debug allocation source was available for recollection.",uv run aiconfigurator cli default --model meta-llama/Llama-4-Maverick-17B-128E-Instruct --total-gpus 128 --system b60 --backend vllm --backend-version 0.12.0 --database-mode SILICON --isl 256 --osl 256 --prefix 128 --ttft 2000000.0 --tpot 50000.0 --top-n 1 --no-color
meta-llama/Llama-4-Scout-17B-16E-Instruct,Llama4ForConditionalGeneration,b60,vllm,0.12.0,agg,FRAMEWORK_INCOMPATIBLE,"Final best-effort FRAMEWORK_INCOMPATIBLE (missing_moe_shape): vLLM 0.12.0 b60 SILICON replay needs MoE data for num_tokens=128.0, hidden_size=5120, inter_size=8192, topk=1, num_experts=16, moe_tp_size=8, moe_ep_size=1, quant_mode=<MoEQuantMode.bfloat16: QuantMapping(memory=2, compute=1, name='bfloat16')>, workload_distribution='power_law_1.01'; existing perf data has no matching silicon row and no b60 debug allocation source was available for recollection.",uv run aiconfigurator cli default --model meta-llama/Llama-4-Scout-17B-16E-Instruct --total-gpus 128 --system b60 --backend vllm --backend-version 0.12.0 --database-mode SILICON --isl 256 --osl 256 --prefix 128 --ttft 2000000.0 --tpot 50000.0 --top-n 1 --no-color
meta-llama/Llama-4-Scout-17B-16E-Instruct,Llama4ForConditionalGeneration,b60,vllm,0.12.0,disagg,FRAMEWORK_INCOMPATIBLE,"Final best-effort FRAMEWORK_INCOMPATIBLE (missing_moe_shape): vLLM 0.12.0 b60 SILICON replay needs MoE data for num_tokens=128, hidden_size=5120, inter_size=8192, topk=1, num_experts=16, moe_tp_size=8, moe_ep_size=1, quant_mode=<MoEQuantMode.bfloat16: QuantMapping(memory=2, compute=1, name='bfloat16')>, workload_distribution='power_law_1.01'; existing perf data has no matching silicon row and no b60 debug allocation source was available for recollection.",uv run aiconfigurator cli default --model meta-llama/Llama-4-Scout-17B-16E-Instruct --total-gpus 128 --system b60 --backend vllm --backend-version 0.12.0 --database-mode SILICON --isl 256 --osl 256 --prefix 128 --ttft 2000000.0 --tpot 50000.0 --top-n 1 --no-color
meta-llama/Meta-Llama-3.1-405B,LlamaForCausalLM,b60,vllm,0.12.0,agg,FRAMEWORK_INCOMPATIBLE,"CPU-verified deterministic framework incompatible: RuntimeError: No results found: the model does not fit in GPU memory for any parallel configuration. Try increasing --total-gpus, using a quantized model, or using a system with more VRAM per GPU.",uv run aiconfigurator cli default --model meta-llama/Meta-Llama-3.1-405B --total-gpus 128 --system b60 --backend vllm --backend-version 0.12.0 --database-mode SILICON --isl 256 --osl 256 --prefix 128 --ttft 2000000.0 --tpot 50000.0 --top-n 1 --no-color
meta-llama/Meta-Llama-3.1-405B,LlamaForCausalLM,b60,vllm,0.12.0,disagg,FRAMEWORK_INCOMPATIBLE,"CPU-verified deterministic framework incompatible: RuntimeError: No results found: the model does not fit in GPU memory for any parallel configuration. Try increasing --total-gpus, using a quantized model, or using a system with more VRAM per GPU.",uv run aiconfigurator cli default --model meta-llama/Meta-Llama-3.1-405B --total-gpus 128 --system b60 --backend vllm --backend-version 0.12.0 --database-mode SILICON --isl 256 --osl 256 --prefix 128 --ttft 2000000.0 --tpot 50000.0 --top-n 1 --no-color
meta-llama/Meta-Llama-3.1-70B,LlamaForCausalLM,b60,vllm,0.12.0,agg,PASS,,uv run aiconfigurator cli default --model meta-llama/Meta-Llama-3.1-70B --total-gpus 32 --system b60 --backend vllm --backend-version 0.12.0 --database-mode SILICON --isl 256 --osl 256 --prefix 128 --ttft 2000.0 --tpot 50.0 --top-n 1 --no-color
meta-llama/Meta-Llama-3.1-70B,LlamaForCausalLM,b60,vllm,0.12.0,disagg,PASS,,uv run aiconfigurator cli default --model meta-llama/Meta-Llama-3.1-70B --total-gpus 32 --system b60 --backend vllm --backend-version 0.12.0 --database-mode SILICON --isl 256 --osl 256 --prefix 128 --ttft 2000.0 --tpot 50.0 --top-n 1 --no-color
meta-llama/Meta-Llama-3.1-8B,LlamaForCausalLM,b60,vllm,0.12.0,agg,PASS,,uv run aiconfigurator cli default --model meta-llama/Meta-Llama-3.1-8B --total-gpus 4 --system b60 --backend vllm --backend-version 0.12.0 --database-mode SILICON --isl 256 --osl 256 --prefix 128 --ttft 1500.0 --tpot 50.0 --top-n 1 --no-color
meta-llama/Meta-Llama-3.1-8B,LlamaForCausalLM,b60,vllm,0.12.0,disagg,PASS,,uv run aiconfigurator cli default --model meta-llama/Meta-Llama-3.1-8B --total-gpus 4 --system b60 --backend vllm --backend-version 0.12.0 --database-mode SILICON --isl 256 --osl 256 --prefix 128 --ttft 1500.0 --tpot 50.0 --top-n 1 --no-color
moonshotai/Kimi-K2.5,KimiK25ForConditionalGeneration,b60,vllm,0.12.0,agg,FRAMEWORK_INCOMPATIBLE,"Final best-effort FRAMEWORK_INCOMPATIBLE (unsupported_moe_int4_wo): vLLM 0.12.0 on b60 supports MoE modes ['bfloat16', 'fp8']; replay fails validation with unsupported MoE quant mode 'int4_wo'.",uv run aiconfigurator cli default --model moonshotai/Kimi-K2.5 --total-gpus 128 --system b60 --backend vllm --backend-version 0.12.0 --database-mode SILICON --isl 256 --osl 256 --prefix 128 --ttft 2000000.0 --tpot 50000.0 --top-n 1 --no-color
moonshotai/Kimi-K2.5,KimiK25ForConditionalGeneration,b60,vllm,0.12.0,disagg,FRAMEWORK_INCOMPATIBLE,"Final best-effort FRAMEWORK_INCOMPATIBLE (unsupported_moe_int4_wo): vLLM 0.12.0 on b60 supports MoE modes ['bfloat16', 'fp8']; replay fails validation with unsupported MoE quant mode 'int4_wo'.",uv run aiconfigurator cli default --model moonshotai/Kimi-K2.5 --total-gpus 128 --system b60 --backend vllm --backend-version 0.12.0 --database-mode SILICON --isl 256 --osl 256 --prefix 128 --ttft 2000000.0 --tpot 50000.0 --top-n 1 --no-color
nvidia/DeepSeek-V3.1-NVFP4,DeepseekV3ForCausalLM,b60,vllm,0.12.0,agg,HW_INCOMPATIBLE,CPU-verified deterministic hardware-incompatible: b60 does not support FP4 required by nvidia/DeepSeek-V3.1-NVFP4,uv run aiconfigurator cli default --model nvidia/DeepSeek-V3.1-NVFP4 --total-gpus 128 --system b60 --backend vllm --backend-version 0.12.0 --database-mode SILICON --isl 256 --osl 256 --prefix 128 --ttft 2000000.0 --tpot 50000.0 --top-n 1 --no-color
nvidia/DeepSeek-V3.1-NVFP4,DeepseekV3ForCausalLM,b60,vllm,0.12.0,disagg,HW_INCOMPATIBLE,CPU-verified deterministic hardware-incompatible: b60 does not support FP4 required by nvidia/DeepSeek-V3.1-NVFP4,uv run aiconfigurator cli default --model nvidia/DeepSeek-V3.1-NVFP4 --total-gpus 128 --system b60 --backend vllm --backend-version 0.12.0 --database-mode SILICON --isl 256 --osl 256 --prefix 128 --ttft 2000000.0 --tpot 50000.0 --top-n 1 --no-color
nvidia/GLM-5-NVFP4,GlmMoeDsaForCausalLM,b60,vllm,0.12.0,agg,HW_INCOMPATIBLE,CPU-verified deterministic hardware-incompatible: b60 does not support FP4 required by nvidia/GLM-5-NVFP4,uv run aiconfigurator cli default --model nvidia/GLM-5-NVFP4 --total-gpus 128 --system b60 --backend vllm --backend-version 0.12.0 --database-mode SILICON --isl 256 --osl 256 --prefix 128 --ttft 2000000.0 --tpot 50000.0 --top-n 1 --no-color
nvidia/GLM-5-NVFP4,GlmMoeDsaForCausalLM,b60,vllm,0.12.0,disagg,HW_INCOMPATIBLE,CPU-verified deterministic hardware-incompatible: b60 does not support FP4 required by nvidia/GLM-5-NVFP4,uv run aiconfigurator cli default --model nvidia/GLM-5-NVFP4 --total-gpus 128 --system b60 --backend vllm --backend-version 0.12.0 --database-mode SILICON --isl 256 --osl 256 --prefix 128 --ttft 2000000.0 --tpot 50000.0 --top-n 1 --no-color
nvidia/Kimi-K2.5-NVFP4,KimiK25ForConditionalGeneration,b60,vllm,0.12.0,agg,HW_INCOMPATIBLE,CPU-verified deterministic hardware-incompatible: b60 does not support FP4 required by nvidia/Kimi-K2.5-NVFP4,uv run aiconfigurator cli default --model nvidia/Kimi-K2.5-NVFP4 --total-gpus 128 --system b60 --backend vllm --backend-version 0.12.0 --database-mode SILICON --isl 256 --osl 256 --prefix 128 --ttft 2000000.0 --tpot 50000.0 --top-n 1 --no-color
nvidia/Kimi-K2.5-NVFP4,KimiK25ForConditionalGeneration,b60,vllm,0.12.0,disagg,HW_INCOMPATIBLE,CPU-verified deterministic hardware-incompatible: b60 does not support FP4 required by nvidia/Kimi-K2.5-NVFP4,uv run aiconfigurator cli default --model nvidia/Kimi-K2.5-NVFP4 --total-gpus 128 --system b60 --backend vllm --backend-version 0.12.0 --database-mode SILICON --isl 256 --osl 256 --prefix 128 --ttft 2000000.0 --tpot 50000.0 --top-n 1 --no-color
nvidia/Llama-3.1-70B-Instruct-FP8,LlamaForCausalLM,b60,vllm,0.12.0,agg,PASS,,uv run aiconfigurator cli default --model nvidia/Llama-3.1-70B-Instruct-FP8 --total-gpus 32 --system b60 --backend vllm --backend-version 0.12.0 --database-mode SILICON --isl 256 --osl 256 --prefix 128 --ttft 2000.0 --tpot 50.0 --top-n 1 --no-color
nvidia/Llama-3.1-70B-Instruct-FP8,LlamaForCausalLM,b60,vllm,0.12.0,disagg,PASS,,uv run aiconfigurator cli default --model nvidia/Llama-3.1-70B-Instruct-FP8 --total-gpus 32 --system b60 --backend vllm --backend-version 0.12.0 --database-mode SILICON --isl 256 --osl 256 --prefix 128 --ttft 2000.0 --tpot 50.0 --top-n 1 --no-color
nvidia/Llama-3_3-Nemotron-Super-49B-v1,DeciLMForCausalLM,b60,vllm,0.12.0,agg,PASS,,uv run aiconfigurator cli default --model nvidia/Llama-3_3-Nemotron-Super-49B-v1 --total-gpus 32 --system b60 --backend vllm --backend-version 0.12.0 --database-mode SILICON --isl 256 --osl 256 --prefix 128 --ttft 2000.0 --tpot 50.0 --top-n 1 --no-color
nvidia/Llama-3_3-Nemotron-Super-49B-v1,DeciLMForCausalLM,b60,vllm,0.12.0,disagg,PASS,,uv run aiconfigurator cli default --model nvidia/Llama-3_3-Nemotron-Super-49B-v1 --total-gpus 32 --system b60 --backend vllm --backend-version 0.12.0 --database-mode SILICON --isl 256 --osl 256 --prefix 128 --ttft 2000.0 --tpot 50.0 --top-n 1 --no-color
nvidia/MiniMax-M2.5-NVFP4,MiniMaxM2ForCausalLM,b60,vllm,0.12.0,agg,HW_INCOMPATIBLE,CPU-verified deterministic hardware-incompatible: b60 does not support FP4 required by nvidia/MiniMax-M2.5-NVFP4,uv run aiconfigurator cli default --model nvidia/MiniMax-M2.5-NVFP4 --total-gpus 128 --system b60 --backend vllm --backend-version 0.12.0 --database-mode SILICON --isl 256 --osl 256 --prefix 128 --ttft 2000000.0 --tpot 50000.0 --top-n 1 --no-color
nvidia/MiniMax-M2.5-NVFP4,MiniMaxM2ForCausalLM,b60,vllm,0.12.0,disagg,HW_INCOMPATIBLE,CPU-verified deterministic hardware-incompatible: b60 does not support FP4 required by nvidia/MiniMax-M2.5-NVFP4,uv run aiconfigurator cli default --model nvidia/MiniMax-M2.5-NVFP4 --total-gpus 128 --system b60 --backend vllm --backend-version 0.12.0 --database-mode SILICON --isl 256 --osl 256 --prefix 128 --ttft 2000000.0 --tpot 50000.0 --top-n 1 --no-color
nvidia/MiniMax-M2.7-NVFP4,MiniMaxM2ForCausalLM,b60,vllm,0.12.0,agg,HW_INCOMPATIBLE,CPU-verified deterministic hardware-incompatible: b60 does not support FP4 required by nvidia/MiniMax-M2.7-NVFP4,uv run aiconfigurator cli default --model nvidia/MiniMax-M2.7-NVFP4 --total-gpus 128 --system b60 --backend vllm --backend-version 0.12.0 --database-mode SILICON --isl 256 --osl 256 --prefix 128 --ttft 2000000.0 --tpot 50000.0 --top-n 1 --no-color
nvidia/MiniMax-M2.7-NVFP4,MiniMaxM2ForCausalLM,b60,vllm,0.12.0,disagg,HW_INCOMPATIBLE,CPU-verified deterministic hardware-incompatible: b60 does not support FP4 required by nvidia/MiniMax-M2.7-NVFP4,uv run aiconfigurator cli default --model nvidia/MiniMax-M2.7-NVFP4 --total-gpus 128 --system b60 --backend vllm --backend-version 0.12.0 --database-mode SILICON --isl 256 --osl 256 --prefix 128 --ttft 2000000.0 --tpot 50000.0 --top-n 1 --no-color
nvidia/NVIDIA-Nemotron-3-Nano-30B-A3B-BF16,NemotronHForCausalLM,b60,vllm,0.12.0,agg,FRAMEWORK_INCOMPATIBLE,"Final best-effort FRAMEWORK_INCOMPATIBLE (missing_moe_shape): vLLM 0.12.0 b60 SILICON replay needs MoE data for num_tokens=128.0, hidden_size=2688, inter_size=1856, topk=6, num_experts=128, moe_tp_size=8, moe_ep_size=1, quant_mode=<MoEQuantMode.bfloat16: QuantMapping(memory=2, compute=1, name='bfloat16')>, workload_distribution='power_law_1.01'; existing perf data has no matching silicon row and no b60 debug allocation source was available for recollection.",uv run aiconfigurator cli default --model nvidia/NVIDIA-Nemotron-3-Nano-30B-A3B-BF16 --total-gpus 128 --system b60 --backend vllm --backend-version 0.12.0 --database-mode SILICON --isl 256 --osl 256 --prefix 128 --ttft 2000000.0 --tpot 50000.0 --top-n 1 --no-color
nvidia/NVIDIA-Nemotron-3-Nano-30B-A3B-BF16,NemotronHForCausalLM,b60,vllm,0.12.0,disagg,FRAMEWORK_INCOMPATIBLE,"Final best-effort FRAMEWORK_INCOMPATIBLE (missing_moe_shape): vLLM 0.12.0 b60 SILICON replay needs MoE data for num_tokens=128, hidden_size=2688, inter_size=1856, topk=6, num_experts=128, moe_tp_size=8, moe_ep_size=1, quant_mode=<MoEQuantMode.bfloat16: QuantMapping(memory=2, compute=1, name='bfloat16')>, workload_distribution='power_law_1.01'; existing perf data has no matching silicon row and no b60 debug allocation source was available for recollection.",uv run aiconfigurator cli default --model nvidia/NVIDIA-Nemotron-3-Nano-30B-A3B-BF16 --total-gpus 128 --system b60 --backend vllm --backend-version 0.12.0 --database-mode SILICON --isl 256 --osl 256 --prefix 128 --ttft 2000000.0 --tpot 50000.0 --top-n 1 --no-color
nvidia/NVIDIA-Nemotron-3-Super-120B-A12B-NVFP4,NemotronHForCausalLM,b60,vllm,0.12.0,agg,HW_INCOMPATIBLE,CPU-verified deterministic hardware-incompatible: b60 does not support FP4 required by nvidia/NVIDIA-Nemotron-3-Super-120B-A12B-NVFP4,uv run aiconfigurator cli default --model nvidia/NVIDIA-Nemotron-3-Super-120B-A12B-NVFP4 --total-gpus 128 --system b60 --backend vllm --backend-version 0.12.0 --database-mode SILICON --isl 256 --osl 256 --prefix 128 --ttft 2000000.0 --tpot 50000.0 --top-n 1 --no-color
nvidia/NVIDIA-Nemotron-3-Super-120B-A12B-NVFP4,NemotronHForCausalLM,b60,vllm,0.12.0,disagg,HW_INCOMPATIBLE,CPU-verified deterministic hardware-incompatible: b60 does not support FP4 required by nvidia/NVIDIA-Nemotron-3-Super-120B-A12B-NVFP4,uv run aiconfigurator cli default --model nvidia/NVIDIA-Nemotron-3-Super-120B-A12B-NVFP4 --total-gpus 128 --system b60 --backend vllm --backend-version 0.12.0 --database-mode SILICON --isl 256 --osl 256 --prefix 128 --ttft 2000000.0 --tpot 50000.0 --top-n 1 --no-color
nvidia/Nemotron-H-56B-Base-8K,NemotronHForCausalLM,b60,vllm,0.12.0,agg,PASS,,uv run aiconfigurator cli default --model nvidia/Nemotron-H-56B-Base-8K --total-gpus 128 --system b60 --backend vllm --backend-version 0.12.0 --database-mode SILICON --isl 256 --osl 256 --prefix 128 --ttft 2000000.0 --tpot 50000.0 --top-n 1 --no-color
nvidia/Nemotron-H-56B-Base-8K,NemotronHForCausalLM,b60,vllm,0.12.0,disagg,PASS,,uv run aiconfigurator cli default --model nvidia/Nemotron-H-56B-Base-8K --total-gpus 128 --system b60 --backend vllm --backend-version 0.12.0 --database-mode SILICON --isl 256 --osl 256 --prefix 128 --ttft 2000000.0 --tpot 50000.0 --top-n 1 --no-color
nvidia/Qwen3-235B-A22B-NVFP4,Qwen3MoeForCausalLM,b60,vllm,0.12.0,agg,HW_INCOMPATIBLE,CPU-verified deterministic hardware-incompatible: b60 does not support FP4 required by nvidia/Qwen3-235B-A22B-NVFP4,uv run aiconfigurator cli default --model nvidia/Qwen3-235B-A22B-NVFP4 --total-gpus 128 --system b60 --backend vllm --backend-version 0.12.0 --database-mode SILICON --isl 256 --osl 256 --prefix 128 --ttft 2000000.0 --tpot 50000.0 --top-n 1 --no-color
nvidia/Qwen3-235B-A22B-NVFP4,Qwen3MoeForCausalLM,b60,vllm,0.12.0,disagg,HW_INCOMPATIBLE,CPU-verified deterministic hardware-incompatible: b60 does not support FP4 required by nvidia/Qwen3-235B-A22B-NVFP4,uv run aiconfigurator cli default --model nvidia/Qwen3-235B-A22B-NVFP4 --total-gpus 128 --system b60 --backend vllm --backend-version 0.12.0 --database-mode SILICON --isl 256 --osl 256 --prefix 128 --ttft 2000000.0 --tpot 50000.0 --top-n 1 --no-color
nvidia/NVIDIA-Nemotron-3-Ultra-550B-A55B-NVFP4,NemotronHForCausalLM,b60,vllm,0.12.0,agg,HW_INCOMPATIBLE,CPU-verified deterministic hardware-incompatible: b60 does not support FP4 required by nvidia/NVIDIA-Nemotron-3-Ultra-550B-A55B-NVFP4,uv run aiconfigurator cli default --model nvidia/NVIDIA-Nemotron-3-Ultra-550B-A55B-NVFP4 --total-gpus 128 --system b60 --backend vllm --backend-version 0.12.0 --database-mode SILICON --isl 256 --osl 256 --prefix 128 --ttft 2000000.0 --tpot 50000.0 --top-n 1 --no-color
nvidia/NVIDIA-Nemotron-3-Ultra-550B-A55B-NVFP4,NemotronHForCausalLM,b60,vllm,0.12.0,disagg,HW_INCOMPATIBLE,CPU-verified deterministic hardware-incompatible: b60 does not support FP4 required by nvidia/NVIDIA-Nemotron-3-Ultra-550B-A55B-NVFP4,uv run aiconfigurator cli default --model nvidia/NVIDIA-Nemotron-3-Ultra-550B-A55B-NVFP4 --total-gpus 128 --system b60 --backend vllm --backend-version 0.12.0 --database-mode SILICON --isl 256 --osl 256 --prefix 128 --ttft 2000000.0 --tpot 50000.0 --top-n 1 --no-color
openai/gpt-oss-120b,GptOssForCausalLM,b60,vllm,0.12.0,agg,FRAMEWORK_INCOMPATIBLE,"Final best-effort FRAMEWORK_INCOMPATIBLE (unsupported_moe_w4a16_mxfp4): vLLM 0.12.0 on b60 supports MoE modes ['bfloat16', 'fp8']; replay fails validation with unsupported MoE quant mode 'w4a16_mxfp4'.",uv run aiconfigurator cli default --model openai/gpt-oss-120b --total-gpus 128 --system b60 --backend vllm --backend-version 0.12.0 --database-mode SILICON --isl 256 --osl 256 --prefix 128 --ttft 2000000.0 --tpot 50000.0 --top-n 1 --no-color
openai/gpt-oss-120b,GptOssForCausalLM,b60,vllm,0.12.0,disagg,FRAMEWORK_INCOMPATIBLE,"Final best-effort FRAMEWORK_INCOMPATIBLE (unsupported_moe_w4a16_mxfp4): vLLM 0.12.0 on b60 supports MoE modes ['bfloat16', 'fp8']; replay fails validation with unsupported MoE quant mode 'w4a16_mxfp4'.",uv run aiconfigurator cli default --model openai/gpt-oss-120b --total-gpus 128 --system b60 --backend vllm --backend-version 0.12.0 --database-mode SILICON --isl 256 --osl 256 --prefix 128 --ttft 2000000.0 --tpot 50000.0 --top-n 1 --no-color
openai/gpt-oss-20b,GptOssForCausalLM,b60,vllm,0.12.0,agg,FRAMEWORK_INCOMPATIBLE,"Final best-effort FRAMEWORK_INCOMPATIBLE (unsupported_moe_w4a16_mxfp4): vLLM 0.12.0 on b60 supports MoE modes ['bfloat16', 'fp8']; replay fails validation with unsupported MoE quant mode 'w4a16_mxfp4'.",uv run aiconfigurator cli default --model openai/gpt-oss-20b --total-gpus 32 --system b60 --backend vllm --backend-version 0.12.0 --database-mode SILICON --isl 256 --osl 256 --prefix 128 --ttft 2000.0 --tpot 50.0 --top-n 1 --no-color
openai/gpt-oss-20b,GptOssForCausalLM,b60,vllm,0.12.0,disagg,FRAMEWORK_INCOMPATIBLE,"Final best-effort FRAMEWORK_INCOMPATIBLE (unsupported_moe_w4a16_mxfp4): vLLM 0.12.0 on b60 supports MoE modes ['bfloat16', 'fp8']; replay fails validation with unsupported MoE quant mode 'w4a16_mxfp4'.",uv run aiconfigurator cli default --model openai/gpt-oss-20b --total-gpus 32 --system b60 --backend vllm --backend-version 0.12.0 --database-mode SILICON --isl 256 --osl 256 --prefix 128 --ttft 2000.0 --tpot 50.0 --top-n 1 --no-color
sgl-project/DeepSeek-V4-Flash-FP8,DeepseekV4ForCausalLM,b60,vllm,0.12.0,agg,FRAMEWORK_INCOMPATIBLE,"Final best-effort FRAMEWORK_INCOMPATIBLE (unsupported_gemm_fp8_block): vLLM 0.12.0 on b60 supports gemm modes ['bfloat16', 'fp8']; replay fails validation with unsupported gemm quant mode 'fp8_block'.",uv run aiconfigurator cli default --model sgl-project/DeepSeek-V4-Flash-FP8 --total-gpus 128 --system b60 --backend vllm --backend-version 0.12.0 --database-mode SILICON --isl 256 --osl 256 --prefix 128 --ttft 2000000.0 --tpot 50000.0 --top-n 1 --no-color
sgl-project/DeepSeek-V4-Flash-FP8,DeepseekV4ForCausalLM,b60,vllm,0.12.0,disagg,FRAMEWORK_INCOMPATIBLE,"Final best-effort FRAMEWORK_INCOMPATIBLE (unsupported_gemm_fp8_block): vLLM 0.12.0 on b60 supports gemm modes ['bfloat16', 'fp8']; replay fails validation with unsupported gemm quant mode 'fp8_block'.",uv run aiconfigurator cli default --model sgl-project/DeepSeek-V4-Flash-FP8 --total-gpus 128 --system b60 --backend vllm --backend-version 0.12.0 --database-mode SILICON --isl 256 --osl 256 --prefix 128 --ttft 2000000.0 --tpot 50000.0 --top-n 1 --no-color
sgl-project/DeepSeek-V4-Pro-FP8,DeepseekV4ForCausalLM,b60,vllm,0.12.0,agg,FRAMEWORK_INCOMPATIBLE,"Final best-effort FRAMEWORK_INCOMPATIBLE (unsupported_gemm_fp8_block): vLLM 0.12.0 on b60 supports gemm modes ['bfloat16', 'fp8']; replay fails validation with unsupported gemm quant mode 'fp8_block'.",uv run aiconfigurator cli default --model sgl-project/DeepSeek-V4-Pro-FP8 --total-gpus 128 --system b60 --backend vllm --backend-version 0.12.0 --database-mode SILICON --isl 256 --osl 256 --prefix 128 --ttft 2000000.0 --tpot 50000.0 --top-n 1 --no-color
sgl-project/DeepSeek-V4-Pro-FP8,DeepseekV4ForCausalLM,b60,vllm,0.12.0,disagg,FRAMEWORK_INCOMPATIBLE,"Final best-effort FRAMEWORK_INCOMPATIBLE (unsupported_gemm_fp8_block): vLLM 0.12.0 on b60 supports gemm modes ['bfloat16', 'fp8']; replay fails validation with unsupported gemm quant mode 'fp8_block'.",uv run aiconfigurator cli default --model sgl-project/DeepSeek-V4-Pro-FP8 --total-gpus 128 --system b60 --backend vllm --backend-version 0.12.0 --database-mode SILICON --isl 256 --osl 256 --prefix 128 --ttft 2000000.0 --tpot 50000.0 --top-n 1 --no-color
zai-org/GLM-5,GlmMoeDsaForCausalLM,b60,vllm,0.12.0,agg,FRAMEWORK_INCOMPATIBLE,"Final best-effort FRAMEWORK_INCOMPATIBLE (missing_dsa_context_module_perf_file): vLLM 0.12.0 b60 SILICON replay needs dsa_context_module_perf.txt, but the perf file is absent; no b60 debug allocation source was available for recollection.",uv run aiconfigurator cli default --model zai-org/GLM-5 --total-gpus 128 --system b60 --backend vllm --backend-version 0.12.0 --database-mode SILICON --isl 256 --osl 256 --prefix 128 --ttft 2000000.0 --tpot 50000.0 --top-n 1 --no-color
zai-org/GLM-5,GlmMoeDsaForCausalLM,b60,vllm,0.12.0,disagg,FRAMEWORK_INCOMPATIBLE,"Final best-effort FRAMEWORK_INCOMPATIBLE (missing_dsa_context_module_perf_file): vLLM 0.12.0 b60 SILICON replay needs dsa_context_module_perf.txt, but the perf file is absent; no b60 debug allocation source was available for recollection.",uv run aiconfigurator cli default --model zai-org/GLM-5 --total-gpus 128 --system b60 --backend vllm --backend-version 0.12.0 --database-mode SILICON --isl 256 --osl 256 --prefix 128 --ttft 2000000.0 --tpot 50000.0 --top-n 1 --no-color
zai-org/GLM-5-FP8,GlmMoeDsaForCausalLM,b60,vllm,0.12.0,agg,FRAMEWORK_INCOMPATIBLE,"Final best-effort FRAMEWORK_INCOMPATIBLE (unsupported_gemm_fp8_block): vLLM 0.12.0 on b60 supports gemm modes ['bfloat16', 'fp8']; replay fails validation with unsupported gemm quant mode 'fp8_block'.",uv run aiconfigurator cli default --model zai-org/GLM-5-FP8 --total-gpus 128 --system b60 --backend vllm --backend-version 0.12.0 --database-mode SILICON --isl 256 --osl 256 --prefix 128 --ttft 2000000.0 --tpot 50000.0 --top-n 1 --no-color
zai-org/GLM-5-FP8,GlmMoeDsaForCausalLM,b60,vllm,0.12.0,disagg,FRAMEWORK_INCOMPATIBLE,"Final best-effort FRAMEWORK_INCOMPATIBLE (unsupported_gemm_fp8_block): vLLM 0.12.0 on b60 supports gemm modes ['bfloat16', 'fp8']; replay fails validation with unsupported gemm quant mode 'fp8_block'.",uv run aiconfigurator cli default --model zai-org/GLM-5-FP8 --total-gpus 128 --system b60 --backend vllm --backend-version 0.12.0 --database-mode SILICON --isl 256 --osl 256 --prefix 128 --ttft 2000000.0 --tpot 50000.0 --top-n 1 --no-color
nvidia/GLM-5-NVFP4,GlmMoeDsaForCausalLM,b60,vllm,0.20.0,agg,HW_INCOMPATIBLE,CPU-verified deterministic hardware-incompatible: b60 does not support FP4 required by nvidia/GLM-5-NVFP4,uv run aiconfigurator cli default --model nvidia/GLM-5-NVFP4 --total-gpus 128 --system b60 --backend vllm --backend-version 0.20.0 --database-mode SILICON --isl 256 --osl 256 --prefix 128 --ttft 2000000.0 --tpot 50000.0 --top-n 1 --no-color
nvidia/GLM-5-NVFP4,GlmMoeDsaForCausalLM,b60,vllm,0.20.0,disagg,HW_INCOMPATIBLE,CPU-verified deterministic hardware-incompatible: b60 does not support FP4 required by nvidia/GLM-5-NVFP4,uv run aiconfigurator cli default --model nvidia/GLM-5-NVFP4 --total-gpus 128 --system b60 --backend vllm --backend-version 0.20.0 --database-mode SILICON --isl 256 --osl 256 --prefix 128 --ttft 2000000.0 --tpot 50000.0 --top-n 1 --no-color
zai-org/GLM-5-FP8,GlmMoeDsaForCausalLM,b60,vllm,0.20.0,agg,FRAMEWORK_INCOMPATIBLE,"Final best-effort FRAMEWORK_INCOMPATIBLE (unsupported_gemm_fp8_block): vLLM 0.20.0 on b60 supports gemm modes ['bfloat16', 'fp8']; replay fails validation with unsupported gemm quant mode 'fp8_block'.",uv run aiconfigurator cli default --model zai-org/GLM-5-FP8 --total-gpus 128 --system b60 --backend vllm --backend-version 0.20.0 --database-mode SILICON --isl 256 --osl 256 --prefix 128 --ttft 2000000.0 --tpot 50000.0 --top-n 1 --no-color
zai-org/GLM-5-FP8,GlmMoeDsaForCausalLM,b60,vllm,0.20.0,disagg,FRAMEWORK_INCOMPATIBLE,"Final best-effort FRAMEWORK_INCOMPATIBLE (unsupported_gemm_fp8_block): vLLM 0.20.0 on b60 supports gemm modes ['bfloat16', 'fp8']; replay fails validation with unsupported gemm quant mode 'fp8_block'.",uv run aiconfigurator cli default --model zai-org/GLM-5-FP8 --total-gpus 128 --system b60 --backend vllm --backend-version 0.20.0 --database-mode SILICON --isl 256 --osl 256 --prefix 128 --ttft 2000000.0 --tpot 50000.0 --top-n 1 --no-color
