HuggingFaceID,Architecture,System,Backend,Version,Mode,Status,ErrMsg
MiniMaxAI/MiniMax-M2.5,MiniMaxM2ForCausalLM,rtx_pro_6000_server,sglang,0.5.10,agg,HW_INCOMPATIBLE,"CPU-verified deterministic unhealable: ValueError: Unsupported gemm quant mode 'fp8_block' for system='rtx_pro_6000_server', backend='sglang', version='0.5.10'. Supported gemm modes: ['bfloat16', 'fp8', 'nvfp4']"
MiniMaxAI/MiniMax-M2.5,MiniMaxM2ForCausalLM,rtx_pro_6000_server,sglang,0.5.10,disagg,HW_INCOMPATIBLE,"CPU-verified deterministic unhealable: ValueError: Unsupported gemm quant mode 'fp8_block' for system='rtx_pro_6000_server', backend='sglang', version='0.5.10'. Supported gemm modes: ['bfloat16', 'fp8', 'nvfp4']"
MiniMaxAI/MiniMax-M2.5,MiniMaxM2ForCausalLM,rtx_pro_6000_server,trtllm,1.3.0rc10,agg,HW_INCOMPATIBLE,"CPU-verified deterministic unhealable: ValueError: Unsupported moe quant mode 'fp8_block' for system='rtx_pro_6000_server', backend='trtllm', version='1.3.0rc10'. Supported moe modes: ['bfloat16', 'fp8', 'nvfp4']"
MiniMaxAI/MiniMax-M2.5,MiniMaxM2ForCausalLM,rtx_pro_6000_server,trtllm,1.3.0rc10,disagg,HW_INCOMPATIBLE,"CPU-verified deterministic unhealable: ValueError: Unsupported moe quant mode 'fp8_block' for system='rtx_pro_6000_server', backend='trtllm', version='1.3.0rc10'. Supported moe modes: ['bfloat16', 'fp8', 'nvfp4']"
MiniMaxAI/MiniMax-M2.5,MiniMaxM2ForCausalLM,rtx_pro_6000_server,vllm,0.19.0,agg,PASS,
MiniMaxAI/MiniMax-M2.5,MiniMaxM2ForCausalLM,rtx_pro_6000_server,vllm,0.19.0,disagg,PASS,
MiniMaxAI/MiniMax-M2.7,MiniMaxM2ForCausalLM,rtx_pro_6000_server,sglang,0.5.10,agg,HW_INCOMPATIBLE,"CPU-verified deterministic unhealable: ValueError: Unsupported gemm quant mode 'fp8_block' for system='rtx_pro_6000_server', backend='sglang', version='0.5.10'. Supported gemm modes: ['bfloat16', 'fp8', 'nvfp4']"
MiniMaxAI/MiniMax-M2.7,MiniMaxM2ForCausalLM,rtx_pro_6000_server,sglang,0.5.10,disagg,HW_INCOMPATIBLE,"CPU-verified deterministic unhealable: ValueError: Unsupported gemm quant mode 'fp8_block' for system='rtx_pro_6000_server', backend='sglang', version='0.5.10'. Supported gemm modes: ['bfloat16', 'fp8', 'nvfp4']"
MiniMaxAI/MiniMax-M2.7,MiniMaxM2ForCausalLM,rtx_pro_6000_server,trtllm,1.3.0rc10,agg,HW_INCOMPATIBLE,"CPU-verified deterministic unhealable: ValueError: Unsupported moe quant mode 'fp8_block' for system='rtx_pro_6000_server', backend='trtllm', version='1.3.0rc10'. Supported moe modes: ['bfloat16', 'fp8', 'nvfp4']"
MiniMaxAI/MiniMax-M2.7,MiniMaxM2ForCausalLM,rtx_pro_6000_server,trtllm,1.3.0rc10,disagg,HW_INCOMPATIBLE,"CPU-verified deterministic unhealable: ValueError: Unsupported moe quant mode 'fp8_block' for system='rtx_pro_6000_server', backend='trtllm', version='1.3.0rc10'. Supported moe modes: ['bfloat16', 'fp8', 'nvfp4']"
MiniMaxAI/MiniMax-M2.7,MiniMaxM2ForCausalLM,rtx_pro_6000_server,vllm,0.19.0,agg,PASS,
MiniMaxAI/MiniMax-M2.7,MiniMaxM2ForCausalLM,rtx_pro_6000_server,vllm,0.19.0,disagg,PASS,
Qwen/Qwen3-0.6B,Qwen3ForCausalLM,rtx_pro_6000_server,sglang,0.5.10,agg,PASS,
Qwen/Qwen3-0.6B,Qwen3ForCausalLM,rtx_pro_6000_server,sglang,0.5.10,disagg,PASS,
Qwen/Qwen3-0.6B,Qwen3ForCausalLM,rtx_pro_6000_server,trtllm,1.3.0rc10,agg,PASS,
Qwen/Qwen3-0.6B,Qwen3ForCausalLM,rtx_pro_6000_server,trtllm,1.3.0rc10,disagg,PASS,
Qwen/Qwen3-0.6B,Qwen3ForCausalLM,rtx_pro_6000_server,vllm,0.19.0,agg,PASS,
Qwen/Qwen3-0.6B,Qwen3ForCausalLM,rtx_pro_6000_server,vllm,0.19.0,disagg,PASS,
Qwen/Qwen3-1.7B,Qwen3ForCausalLM,rtx_pro_6000_server,sglang,0.5.10,agg,PASS,
Qwen/Qwen3-1.7B,Qwen3ForCausalLM,rtx_pro_6000_server,sglang,0.5.10,disagg,PASS,
Qwen/Qwen3-1.7B,Qwen3ForCausalLM,rtx_pro_6000_server,trtllm,1.3.0rc10,agg,PASS,
Qwen/Qwen3-1.7B,Qwen3ForCausalLM,rtx_pro_6000_server,trtllm,1.3.0rc10,disagg,PASS,
Qwen/Qwen3-1.7B,Qwen3ForCausalLM,rtx_pro_6000_server,vllm,0.19.0,agg,PASS,
Qwen/Qwen3-1.7B,Qwen3ForCausalLM,rtx_pro_6000_server,vllm,0.19.0,disagg,PASS,
Qwen/Qwen3-235B-A22B,Qwen3MoeForCausalLM,rtx_pro_6000_server,sglang,0.5.10,agg,PASS,
Qwen/Qwen3-235B-A22B,Qwen3MoeForCausalLM,rtx_pro_6000_server,sglang,0.5.10,disagg,PASS,
Qwen/Qwen3-235B-A22B,Qwen3MoeForCausalLM,rtx_pro_6000_server,trtllm,1.3.0rc10,agg,PASS,
Qwen/Qwen3-235B-A22B,Qwen3MoeForCausalLM,rtx_pro_6000_server,trtllm,1.3.0rc10,disagg,PASS,
Qwen/Qwen3-235B-A22B,Qwen3MoeForCausalLM,rtx_pro_6000_server,vllm,0.19.0,agg,PASS,
Qwen/Qwen3-235B-A22B,Qwen3MoeForCausalLM,rtx_pro_6000_server,vllm,0.19.0,disagg,PASS,
Qwen/Qwen3-235B-A22B-FP8,Qwen3MoeForCausalLM,rtx_pro_6000_server,sglang,0.5.10,agg,HW_INCOMPATIBLE,"CPU-verified deterministic unhealable: ValueError: Unsupported gemm quant mode 'fp8_block' for system='rtx_pro_6000_server', backend='sglang', version='0.5.10'. Supported gemm modes: ['bfloat16', 'fp8', 'nvfp4']"
Qwen/Qwen3-235B-A22B-FP8,Qwen3MoeForCausalLM,rtx_pro_6000_server,sglang,0.5.10,disagg,HW_INCOMPATIBLE,"CPU-verified deterministic unhealable: ValueError: Unsupported gemm quant mode 'fp8_block' for system='rtx_pro_6000_server', backend='sglang', version='0.5.10'. Supported gemm modes: ['bfloat16', 'fp8', 'nvfp4']"
Qwen/Qwen3-235B-A22B-FP8,Qwen3MoeForCausalLM,rtx_pro_6000_server,trtllm,1.3.0rc10,agg,HW_INCOMPATIBLE,"CPU-verified deterministic unhealable: ValueError: Unsupported moe quant mode 'fp8_block' for system='rtx_pro_6000_server', backend='trtllm', version='1.3.0rc10'. Supported moe modes: ['bfloat16', 'fp8', 'nvfp4']"
Qwen/Qwen3-235B-A22B-FP8,Qwen3MoeForCausalLM,rtx_pro_6000_server,trtllm,1.3.0rc10,disagg,HW_INCOMPATIBLE,"CPU-verified deterministic unhealable: ValueError: Unsupported moe quant mode 'fp8_block' for system='rtx_pro_6000_server', backend='trtllm', version='1.3.0rc10'. Supported moe modes: ['bfloat16', 'fp8', 'nvfp4']"
Qwen/Qwen3-235B-A22B-FP8,Qwen3MoeForCausalLM,rtx_pro_6000_server,vllm,0.19.0,agg,PASS,
Qwen/Qwen3-235B-A22B-FP8,Qwen3MoeForCausalLM,rtx_pro_6000_server,vllm,0.19.0,disagg,PASS,
Qwen/Qwen3-30B-A3B,Qwen3MoeForCausalLM,rtx_pro_6000_server,sglang,0.5.10,agg,PASS,
Qwen/Qwen3-30B-A3B,Qwen3MoeForCausalLM,rtx_pro_6000_server,sglang,0.5.10,disagg,PASS,
Qwen/Qwen3-30B-A3B,Qwen3MoeForCausalLM,rtx_pro_6000_server,trtllm,1.3.0rc10,agg,PASS,
Qwen/Qwen3-30B-A3B,Qwen3MoeForCausalLM,rtx_pro_6000_server,trtllm,1.3.0rc10,disagg,PASS,
Qwen/Qwen3-30B-A3B,Qwen3MoeForCausalLM,rtx_pro_6000_server,vllm,0.19.0,agg,PASS,
Qwen/Qwen3-30B-A3B,Qwen3MoeForCausalLM,rtx_pro_6000_server,vllm,0.19.0,disagg,PASS,
Qwen/Qwen3-30B-A3B-FP8,Qwen3MoeForCausalLM,rtx_pro_6000_server,sglang,0.5.10,agg,HW_INCOMPATIBLE,"CPU-verified deterministic unhealable: ValueError: Unsupported gemm quant mode 'fp8_block' for system='rtx_pro_6000_server', backend='sglang', version='0.5.10'. Supported gemm modes: ['bfloat16', 'fp8', 'nvfp4']"
Qwen/Qwen3-30B-A3B-FP8,Qwen3MoeForCausalLM,rtx_pro_6000_server,sglang,0.5.10,disagg,HW_INCOMPATIBLE,"CPU-verified deterministic unhealable: ValueError: Unsupported gemm quant mode 'fp8_block' for system='rtx_pro_6000_server', backend='sglang', version='0.5.10'. Supported gemm modes: ['bfloat16', 'fp8', 'nvfp4']"
Qwen/Qwen3-30B-A3B-FP8,Qwen3MoeForCausalLM,rtx_pro_6000_server,trtllm,1.3.0rc10,agg,HW_INCOMPATIBLE,"CPU-verified deterministic unhealable: ValueError: Unsupported moe quant mode 'fp8_block' for system='rtx_pro_6000_server', backend='trtllm', version='1.3.0rc10'. Supported moe modes: ['bfloat16', 'fp8', 'nvfp4']"
Qwen/Qwen3-30B-A3B-FP8,Qwen3MoeForCausalLM,rtx_pro_6000_server,trtllm,1.3.0rc10,disagg,HW_INCOMPATIBLE,"CPU-verified deterministic unhealable: ValueError: Unsupported moe quant mode 'fp8_block' for system='rtx_pro_6000_server', backend='trtllm', version='1.3.0rc10'. Supported moe modes: ['bfloat16', 'fp8', 'nvfp4']"
Qwen/Qwen3-30B-A3B-FP8,Qwen3MoeForCausalLM,rtx_pro_6000_server,vllm,0.19.0,agg,PASS,
Qwen/Qwen3-30B-A3B-FP8,Qwen3MoeForCausalLM,rtx_pro_6000_server,vllm,0.19.0,disagg,PASS,
Qwen/Qwen3-32B,Qwen3ForCausalLM,rtx_pro_6000_server,sglang,0.5.10,agg,PASS,
Qwen/Qwen3-32B,Qwen3ForCausalLM,rtx_pro_6000_server,sglang,0.5.10,disagg,PASS,
Qwen/Qwen3-32B,Qwen3ForCausalLM,rtx_pro_6000_server,trtllm,1.3.0rc10,agg,PASS,
Qwen/Qwen3-32B,Qwen3ForCausalLM,rtx_pro_6000_server,trtllm,1.3.0rc10,disagg,PASS,
Qwen/Qwen3-32B,Qwen3ForCausalLM,rtx_pro_6000_server,vllm,0.19.0,agg,PASS,
Qwen/Qwen3-32B,Qwen3ForCausalLM,rtx_pro_6000_server,vllm,0.19.0,disagg,PASS,
Qwen/Qwen3-32B-FP8,Qwen3ForCausalLM,rtx_pro_6000_server,sglang,0.5.10,agg,HW_INCOMPATIBLE,"CPU-verified deterministic unhealable: ValueError: Unsupported gemm quant mode 'fp8_block' for system='rtx_pro_6000_server', backend='sglang', version='0.5.10'. Supported gemm modes: ['bfloat16', 'fp8', 'nvfp4']"
Qwen/Qwen3-32B-FP8,Qwen3ForCausalLM,rtx_pro_6000_server,sglang,0.5.10,disagg,HW_INCOMPATIBLE,"CPU-verified deterministic unhealable: ValueError: Unsupported gemm quant mode 'fp8_block' for system='rtx_pro_6000_server', backend='sglang', version='0.5.10'. Supported gemm modes: ['bfloat16', 'fp8', 'nvfp4']"
Qwen/Qwen3-32B-FP8,Qwen3ForCausalLM,rtx_pro_6000_server,trtllm,1.3.0rc10,agg,PASS,
Qwen/Qwen3-32B-FP8,Qwen3ForCausalLM,rtx_pro_6000_server,trtllm,1.3.0rc10,disagg,PASS,
Qwen/Qwen3-32B-FP8,Qwen3ForCausalLM,rtx_pro_6000_server,vllm,0.19.0,agg,PASS,
Qwen/Qwen3-32B-FP8,Qwen3ForCausalLM,rtx_pro_6000_server,vllm,0.19.0,disagg,PASS,
Qwen/Qwen3-32B-FP8-Static-PerTensor,Qwen3ForCausalLM,rtx_pro_6000_server,sglang,0.5.10,agg,HW_INCOMPATIBLE,"CPU-verified deterministic unhealable: ValueError: Unsupported gemm quant mode 'fp8_static' for system='rtx_pro_6000_server', backend='sglang', version='0.5.10'. Supported gemm modes: ['bfloat16', 'fp8', 'nvfp4']"
Qwen/Qwen3-32B-FP8-Static-PerTensor,Qwen3ForCausalLM,rtx_pro_6000_server,sglang,0.5.10,disagg,HW_INCOMPATIBLE,"CPU-verified deterministic unhealable: ValueError: Unsupported gemm quant mode 'fp8_static' for system='rtx_pro_6000_server', backend='sglang', version='0.5.10'. Supported gemm modes: ['bfloat16', 'fp8', 'nvfp4']"
Qwen/Qwen3-32B-FP8-Static-PerTensor,Qwen3ForCausalLM,rtx_pro_6000_server,trtllm,1.3.0rc10,agg,PASS,
Qwen/Qwen3-32B-FP8-Static-PerTensor,Qwen3ForCausalLM,rtx_pro_6000_server,trtllm,1.3.0rc10,disagg,PASS,
Qwen/Qwen3-32B-FP8-Static-PerTensor,Qwen3ForCausalLM,rtx_pro_6000_server,vllm,0.19.0,agg,HW_INCOMPATIBLE,"CPU-verified deterministic unhealable: ValueError: Unsupported gemm quant mode 'fp8_static' for system='rtx_pro_6000_server', backend='vllm', version='0.19.0'. Supported gemm modes: ['bfloat16', 'fp8', 'fp8_block', 'nvfp4']"
Qwen/Qwen3-32B-FP8-Static-PerTensor,Qwen3ForCausalLM,rtx_pro_6000_server,vllm,0.19.0,disagg,HW_INCOMPATIBLE,"CPU-verified deterministic unhealable: ValueError: Unsupported gemm quant mode 'fp8_static' for system='rtx_pro_6000_server', backend='vllm', version='0.19.0'. Supported gemm modes: ['bfloat16', 'fp8', 'fp8_block', 'nvfp4']"
Qwen/Qwen3-8B,Qwen3ForCausalLM,rtx_pro_6000_server,sglang,0.5.10,agg,PASS,
Qwen/Qwen3-8B,Qwen3ForCausalLM,rtx_pro_6000_server,sglang,0.5.10,disagg,PASS,
Qwen/Qwen3-8B,Qwen3ForCausalLM,rtx_pro_6000_server,trtllm,1.3.0rc10,agg,PASS,
Qwen/Qwen3-8B,Qwen3ForCausalLM,rtx_pro_6000_server,trtllm,1.3.0rc10,disagg,PASS,
Qwen/Qwen3-8B,Qwen3ForCausalLM,rtx_pro_6000_server,vllm,0.19.0,agg,PASS,
Qwen/Qwen3-8B,Qwen3ForCausalLM,rtx_pro_6000_server,vllm,0.19.0,disagg,PASS,
Qwen/Qwen3-Coder-480B-A35B-Instruct,Qwen3MoeForCausalLM,rtx_pro_6000_server,sglang,0.5.10,agg,HW_INCOMPATIBLE,CPU-verified deterministic unhealable: RuntimeError: No results found for any parallel configuration. Showing last exception: We don't enable the path for non-wideep SGLang to support TP>1 and DP>1 for attn simultaneously
Qwen/Qwen3-Coder-480B-A35B-Instruct,Qwen3MoeForCausalLM,rtx_pro_6000_server,sglang,0.5.10,disagg,HW_INCOMPATIBLE,CPU-verified deterministic unhealable: RuntimeError: No results found for any parallel configuration. Showing last exception: We don't enable the path for non-wideep SGLang to support TP>1 and DP>1 for attn simultaneously
Qwen/Qwen3-Coder-480B-A35B-Instruct,Qwen3MoeForCausalLM,rtx_pro_6000_server,trtllm,1.3.0rc10,agg,HW_INCOMPATIBLE,"Deterministic unsupported configuration: RuntimeError: No results found for any parallel configuration. Showing last exception: Error loading silicon data for op PerfDataFilename.nccl: File does not exist at src/aiconfigurator/systems/data/rtx_pro_6000_server/nccl/2.28.9/nccl_perf.txt. This combination of model, system, backend, and backend version is not supported by AIC in SILICON mode. Failed to query nccl data for dtype=<CommQuantMode.half: QuantMapping(memory=2, compute=0, name='half')>, num_gpus=8, operation='all_gather', message_size=6291456.0. Consider using HYBRID mode."
Qwen/Qwen3-Coder-480B-A35B-Instruct,Qwen3MoeForCausalLM,rtx_pro_6000_server,trtllm,1.3.0rc10,disagg,HW_INCOMPATIBLE,"Deterministic unsupported configuration: RuntimeError: No results found for any parallel configuration. Showing last exception: Error loading silicon data for op PerfDataFilename.nccl: File does not exist at src/aiconfigurator/systems/data/rtx_pro_6000_server/nccl/2.28.9/nccl_perf.txt. This combination of model, system, backend, and backend version is not supported by AIC in SILICON mode. Failed to query nccl data for dtype=<CommQuantMode.half: QuantMapping(memory=2, compute=0, name='half')>, num_gpus=8, operation='all_gather', message_size=6291456. Consider using HYBRID mode."
Qwen/Qwen3-Coder-480B-A35B-Instruct,Qwen3MoeForCausalLM,rtx_pro_6000_server,vllm,0.19.0,agg,HW_INCOMPATIBLE,"Deterministic unsupported configuration: RuntimeError: No results found for any parallel configuration. Showing last exception: Error loading silicon data for op PerfDataFilename.nccl: File does not exist at src/aiconfigurator/systems/data/rtx_pro_6000_server/nccl/2.28.9/nccl_perf.txt. This combination of model, system, backend, and backend version is not supported by AIC in SILICON mode. Failed to query nccl data for dtype=<CommQuantMode.half: QuantMapping(memory=2, compute=0, name='half')>, num_gpus=8, operation='all_gather', message_size=1572864.0. Consider using HYBRID mode."
Qwen/Qwen3-Coder-480B-A35B-Instruct,Qwen3MoeForCausalLM,rtx_pro_6000_server,vllm,0.19.0,disagg,HW_INCOMPATIBLE,"Deterministic unsupported configuration: RuntimeError: No results found for any parallel configuration. Showing last exception: Error loading silicon data for op PerfDataFilename.nccl: File does not exist at src/aiconfigurator/systems/data/rtx_pro_6000_server/nccl/2.28.9/nccl_perf.txt. This combination of model, system, backend, and backend version is not supported by AIC in SILICON mode. Failed to query nccl data for dtype=<CommQuantMode.half: QuantMapping(memory=2, compute=0, name='half')>, num_gpus=8, operation='all_gather', message_size=1572864. Consider using HYBRID mode."
Qwen/Qwen3.5-27B,Qwen3_5ForConditionalGeneration,rtx_pro_6000_server,sglang,0.5.10,agg,PASS,
Qwen/Qwen3.5-27B,Qwen3_5ForConditionalGeneration,rtx_pro_6000_server,sglang,0.5.10,disagg,PASS,
Qwen/Qwen3.5-27B,Qwen3_5ForConditionalGeneration,rtx_pro_6000_server,trtllm,1.3.0rc10,agg,PASS,
Qwen/Qwen3.5-27B,Qwen3_5ForConditionalGeneration,rtx_pro_6000_server,trtllm,1.3.0rc10,disagg,PASS,
Qwen/Qwen3.5-27B,Qwen3_5ForConditionalGeneration,rtx_pro_6000_server,vllm,0.19.0,agg,PASS,
Qwen/Qwen3.5-27B,Qwen3_5ForConditionalGeneration,rtx_pro_6000_server,vllm,0.19.0,disagg,PASS,
Qwen/Qwen3.5-35B-A3B,Qwen3_5MoeForConditionalGeneration,rtx_pro_6000_server,sglang,0.5.10,agg,HW_INCOMPATIBLE,"Deterministic unsupported configuration: RuntimeError: No results found for any parallel configuration. Showing last exception: Failed to query moe data for num_tokens=128.0, hidden_size=2048, inter_size=512, topk=8, num_experts=256, moe_tp_size=8, moe_ep_size=1, quant_mode=<MoEQuantMode.bfloat16: QuantMapping(memory=2, compute=1, name='bfloat16')>, workload_distribution='power_law_1.2'. Consider using HYBRID mode. Missing silicon data for the requested lookup."
Qwen/Qwen3.5-35B-A3B,Qwen3_5MoeForConditionalGeneration,rtx_pro_6000_server,sglang,0.5.10,disagg,HW_INCOMPATIBLE,"Deterministic unsupported configuration: RuntimeError: No results found for any parallel configuration. Showing last exception: Failed to query moe data for num_tokens=128, hidden_size=2048, inter_size=512, topk=8, num_experts=256, moe_tp_size=8, moe_ep_size=1, quant_mode=<MoEQuantMode.bfloat16: QuantMapping(memory=2, compute=1, name='bfloat16')>, workload_distribution='power_law_1.2'. Consider using HYBRID mode. Missing silicon data for the requested lookup."
Qwen/Qwen3.5-35B-A3B,Qwen3_5MoeForConditionalGeneration,rtx_pro_6000_server,trtllm,1.3.0rc10,agg,HW_INCOMPATIBLE,"Deterministic unsupported configuration: RuntimeError: No results found for any parallel configuration. Showing last exception: Failed to query moe data for num_tokens=128.0, hidden_size=2048, inter_size=512, topk=8, num_experts=256, moe_tp_size=8, moe_ep_size=1, quant_mode=<MoEQuantMode.bfloat16: QuantMapping(memory=2, compute=1, name='bfloat16')>, workload_distribution='power_law_1.2'. Consider using HYBRID mode. Missing silicon data for the requested lookup."
Qwen/Qwen3.5-35B-A3B,Qwen3_5MoeForConditionalGeneration,rtx_pro_6000_server,trtllm,1.3.0rc10,disagg,HW_INCOMPATIBLE,"Deterministic unsupported configuration: RuntimeError: No results found for any parallel configuration. Showing last exception: Failed to query moe data for num_tokens=128, hidden_size=2048, inter_size=512, topk=8, num_experts=256, moe_tp_size=8, moe_ep_size=1, quant_mode=<MoEQuantMode.bfloat16: QuantMapping(memory=2, compute=1, name='bfloat16')>, workload_distribution='power_law_1.2'. Consider using HYBRID mode. Missing silicon data for the requested lookup."
Qwen/Qwen3.5-35B-A3B,Qwen3_5MoeForConditionalGeneration,rtx_pro_6000_server,vllm,0.19.0,agg,HW_INCOMPATIBLE,"Deterministic unsupported configuration: RuntimeError: No results found for any parallel configuration. Showing last exception: Failed to query moe data for num_tokens=128.0, hidden_size=2048, inter_size=512, topk=8, num_experts=256, moe_tp_size=8, moe_ep_size=1, quant_mode=<MoEQuantMode.bfloat16: QuantMapping(memory=2, compute=1, name='bfloat16')>, workload_distribution='power_law_1.2'. Consider using HYBRID mode. Missing silicon data for the requested lookup."
Qwen/Qwen3.5-35B-A3B,Qwen3_5MoeForConditionalGeneration,rtx_pro_6000_server,vllm,0.19.0,disagg,HW_INCOMPATIBLE,"Deterministic unsupported configuration: RuntimeError: No results found for any parallel configuration. Showing last exception: Failed to query moe data for num_tokens=128, hidden_size=2048, inter_size=512, topk=8, num_experts=256, moe_tp_size=8, moe_ep_size=1, quant_mode=<MoEQuantMode.bfloat16: QuantMapping(memory=2, compute=1, name='bfloat16')>, workload_distribution='power_law_1.2'. Consider using HYBRID mode. Missing silicon data for the requested lookup."
Qwen/Qwen3.5-397B-A17B,Qwen3_5MoeForConditionalGeneration,rtx_pro_6000_server,sglang,0.5.10,agg,HW_INCOMPATIBLE,CPU-verified deterministic unhealable: RuntimeError: No results found for any parallel configuration. Showing last exception: We don't enable the path for non-wideep SGLang to support TP>1 and DP>1 for attn simultaneously
Qwen/Qwen3.5-397B-A17B,Qwen3_5MoeForConditionalGeneration,rtx_pro_6000_server,sglang,0.5.10,disagg,HW_INCOMPATIBLE,CPU-verified deterministic unhealable: RuntimeError: No results found for any parallel configuration. Showing last exception: We don't enable the path for non-wideep SGLang to support TP>1 and DP>1 for attn simultaneously
Qwen/Qwen3.5-397B-A17B,Qwen3_5MoeForConditionalGeneration,rtx_pro_6000_server,trtllm,1.3.0rc10,agg,HW_INCOMPATIBLE,"Deterministic unsupported configuration: RuntimeError: No results found for any parallel configuration. Showing last exception: Error loading silicon data for op PerfDataFilename.nccl: File does not exist at src/aiconfigurator/systems/data/rtx_pro_6000_server/nccl/2.28.9/nccl_perf.txt. This combination of model, system, backend, and backend version is not supported by AIC in SILICON mode. Failed to query nccl data for dtype=<CommQuantMode.half: QuantMapping(memory=2, compute=0, name='half')>, num_gpus=8, operation='all_gather', message_size=4194304.0. Consider using HYBRID mode."
Qwen/Qwen3.5-397B-A17B,Qwen3_5MoeForConditionalGeneration,rtx_pro_6000_server,trtllm,1.3.0rc10,disagg,HW_INCOMPATIBLE,"Deterministic unsupported configuration: RuntimeError: No results found for any parallel configuration. Showing last exception: Error loading silicon data for op PerfDataFilename.nccl: File does not exist at src/aiconfigurator/systems/data/rtx_pro_6000_server/nccl/2.28.9/nccl_perf.txt. This combination of model, system, backend, and backend version is not supported by AIC in SILICON mode. Failed to query nccl data for dtype=<CommQuantMode.half: QuantMapping(memory=2, compute=0, name='half')>, num_gpus=8, operation='all_gather', message_size=4194304. Consider using HYBRID mode."
Qwen/Qwen3.5-397B-A17B,Qwen3_5MoeForConditionalGeneration,rtx_pro_6000_server,vllm,0.19.0,agg,HW_INCOMPATIBLE,"Deterministic unsupported configuration: RuntimeError: No results found for any parallel configuration. Showing last exception: Error loading silicon data for op PerfDataFilename.nccl: File does not exist at src/aiconfigurator/systems/data/rtx_pro_6000_server/nccl/2.28.9/nccl_perf.txt. This combination of model, system, backend, and backend version is not supported by AIC in SILICON mode. Failed to query nccl data for dtype=<CommQuantMode.half: QuantMapping(memory=2, compute=0, name='half')>, num_gpus=8, operation='all_gather', message_size=1048576.0. Consider using HYBRID mode."
Qwen/Qwen3.5-397B-A17B,Qwen3_5MoeForConditionalGeneration,rtx_pro_6000_server,vllm,0.19.0,disagg,HW_INCOMPATIBLE,"Deterministic unsupported configuration: RuntimeError: No results found for any parallel configuration. Showing last exception: Error loading silicon data for op PerfDataFilename.nccl: File does not exist at src/aiconfigurator/systems/data/rtx_pro_6000_server/nccl/2.28.9/nccl_perf.txt. This combination of model, system, backend, and backend version is not supported by AIC in SILICON mode. Failed to query nccl data for dtype=<CommQuantMode.half: QuantMapping(memory=2, compute=0, name='half')>, num_gpus=8, operation='all_gather', message_size=1048576. Consider using HYBRID mode."
XiaomiMiMo/MiMo-7B-Base,MiMoForCausalLM,rtx_pro_6000_server,sglang,0.5.10,agg,PASS,
XiaomiMiMo/MiMo-7B-Base,MiMoForCausalLM,rtx_pro_6000_server,sglang,0.5.10,disagg,PASS,
XiaomiMiMo/MiMo-7B-Base,MiMoForCausalLM,rtx_pro_6000_server,trtllm,1.3.0rc10,agg,PASS,
XiaomiMiMo/MiMo-7B-Base,MiMoForCausalLM,rtx_pro_6000_server,trtllm,1.3.0rc10,disagg,PASS,
XiaomiMiMo/MiMo-7B-Base,MiMoForCausalLM,rtx_pro_6000_server,vllm,0.19.0,agg,PASS,
XiaomiMiMo/MiMo-7B-Base,MiMoForCausalLM,rtx_pro_6000_server,vllm,0.19.0,disagg,PASS,
XiaomiMiMo/MiMo-V2-Flash,MiMoV2FlashForCausalLM,rtx_pro_6000_server,sglang,0.5.10,agg,HW_INCOMPATIBLE,"CPU-verified deterministic unhealable: ValueError: Unsupported gemm quant mode 'fp8_block' for system='rtx_pro_6000_server', backend='sglang', version='0.5.10'. Supported gemm modes: ['bfloat16', 'fp8', 'nvfp4']"
XiaomiMiMo/MiMo-V2-Flash,MiMoV2FlashForCausalLM,rtx_pro_6000_server,sglang,0.5.10,disagg,HW_INCOMPATIBLE,"CPU-verified deterministic unhealable: ValueError: Unsupported gemm quant mode 'fp8_block' for system='rtx_pro_6000_server', backend='sglang', version='0.5.10'. Supported gemm modes: ['bfloat16', 'fp8', 'nvfp4']"
XiaomiMiMo/MiMo-V2-Flash,MiMoV2FlashForCausalLM,rtx_pro_6000_server,trtllm,1.3.0rc10,agg,HW_INCOMPATIBLE,"CPU-verified deterministic unhealable: ValueError: Unsupported moe quant mode 'fp8_block' for system='rtx_pro_6000_server', backend='trtllm', version='1.3.0rc10'. Supported moe modes: ['bfloat16', 'fp8', 'nvfp4']"
XiaomiMiMo/MiMo-V2-Flash,MiMoV2FlashForCausalLM,rtx_pro_6000_server,trtllm,1.3.0rc10,disagg,HW_INCOMPATIBLE,"CPU-verified deterministic unhealable: ValueError: Unsupported moe quant mode 'fp8_block' for system='rtx_pro_6000_server', backend='trtllm', version='1.3.0rc10'. Supported moe modes: ['bfloat16', 'fp8', 'nvfp4']"
XiaomiMiMo/MiMo-V2-Flash,MiMoV2FlashForCausalLM,rtx_pro_6000_server,vllm,0.19.0,agg,HW_INCOMPATIBLE,"Deterministic unsupported configuration: RuntimeError: No results found for any parallel configuration. Showing last exception: Failed to query context attention data for b=1, s=128.0, prefix=128.0, n=8, n_kv=1, head_size=192, window_size=0, kvcache_quant_mode=<KVCacheQuantMode.fp8: QuantMapping(memory=1, compute=0, name='fp8')>, fmha_quant_mode=<FMHAQuantMode.bfloat16: QuantMapping(memory=2, compute=1, name='bfloat16')>. Consider using HYBRID mode. Missing silicon data for the requested lookup."
XiaomiMiMo/MiMo-V2-Flash,MiMoV2FlashForCausalLM,rtx_pro_6000_server,vllm,0.19.0,disagg,HW_INCOMPATIBLE,"Deterministic unsupported configuration: RuntimeError: No results found for any parallel configuration. Showing last exception: Failed to query context attention data for b=1, s=128, prefix=128, n=8, n_kv=1, head_size=192, window_size=0, kvcache_quant_mode=<KVCacheQuantMode.fp8: QuantMapping(memory=1, compute=0, name='fp8')>, fmha_quant_mode=<FMHAQuantMode.bfloat16: QuantMapping(memory=2, compute=1, name='bfloat16')>. Consider using HYBRID mode. Missing silicon data for the requested lookup."
deepseek-ai/DeepSeek-R1,DeepseekV3ForCausalLM,rtx_pro_6000_server,sglang,0.5.10,agg,HW_INCOMPATIBLE,"CPU-verified deterministic unhealable: ValueError: Unsupported gemm quant mode 'fp8_block' for system='rtx_pro_6000_server', backend='sglang', version='0.5.10'. Supported gemm modes: ['bfloat16', 'fp8', 'nvfp4']"
deepseek-ai/DeepSeek-R1,DeepseekV3ForCausalLM,rtx_pro_6000_server,sglang,0.5.10,disagg,HW_INCOMPATIBLE,"CPU-verified deterministic unhealable: ValueError: Unsupported gemm quant mode 'fp8_block' for system='rtx_pro_6000_server', backend='sglang', version='0.5.10'. Supported gemm modes: ['bfloat16', 'fp8', 'nvfp4']"
deepseek-ai/DeepSeek-R1,DeepseekV3ForCausalLM,rtx_pro_6000_server,trtllm,1.3.0rc10,agg,HW_INCOMPATIBLE,"CPU-verified deterministic unhealable: ValueError: Unsupported moe quant mode 'fp8_block' for system='rtx_pro_6000_server', backend='trtllm', version='1.3.0rc10'. Supported moe modes: ['bfloat16', 'fp8', 'nvfp4']"
deepseek-ai/DeepSeek-R1,DeepseekV3ForCausalLM,rtx_pro_6000_server,trtllm,1.3.0rc10,disagg,HW_INCOMPATIBLE,"CPU-verified deterministic unhealable: ValueError: Unsupported moe quant mode 'fp8_block' for system='rtx_pro_6000_server', backend='trtllm', version='1.3.0rc10'. Supported moe modes: ['bfloat16', 'fp8', 'nvfp4']"
deepseek-ai/DeepSeek-R1,DeepseekV3ForCausalLM,rtx_pro_6000_server,vllm,0.19.0,agg,PASS,
deepseek-ai/DeepSeek-R1,DeepseekV3ForCausalLM,rtx_pro_6000_server,vllm,0.19.0,disagg,PASS,
deepseek-ai/DeepSeek-V3,DeepseekV3ForCausalLM,rtx_pro_6000_server,sglang,0.5.10,agg,HW_INCOMPATIBLE,"CPU-verified deterministic unhealable: ValueError: Unsupported gemm quant mode 'fp8_block' for system='rtx_pro_6000_server', backend='sglang', version='0.5.10'. Supported gemm modes: ['bfloat16', 'fp8', 'nvfp4']"
deepseek-ai/DeepSeek-V3,DeepseekV3ForCausalLM,rtx_pro_6000_server,sglang,0.5.10,disagg,HW_INCOMPATIBLE,"CPU-verified deterministic unhealable: ValueError: Unsupported gemm quant mode 'fp8_block' for system='rtx_pro_6000_server', backend='sglang', version='0.5.10'. Supported gemm modes: ['bfloat16', 'fp8', 'nvfp4']"
deepseek-ai/DeepSeek-V3,DeepseekV3ForCausalLM,rtx_pro_6000_server,trtllm,1.3.0rc10,agg,HW_INCOMPATIBLE,"CPU-verified deterministic unhealable: ValueError: Unsupported moe quant mode 'fp8_block' for system='rtx_pro_6000_server', backend='trtllm', version='1.3.0rc10'. Supported moe modes: ['bfloat16', 'fp8', 'nvfp4']"
deepseek-ai/DeepSeek-V3,DeepseekV3ForCausalLM,rtx_pro_6000_server,trtllm,1.3.0rc10,disagg,HW_INCOMPATIBLE,"CPU-verified deterministic unhealable: ValueError: Unsupported moe quant mode 'fp8_block' for system='rtx_pro_6000_server', backend='trtllm', version='1.3.0rc10'. Supported moe modes: ['bfloat16', 'fp8', 'nvfp4']"
deepseek-ai/DeepSeek-V3,DeepseekV3ForCausalLM,rtx_pro_6000_server,vllm,0.19.0,agg,PASS,
deepseek-ai/DeepSeek-V3,DeepseekV3ForCausalLM,rtx_pro_6000_server,vllm,0.19.0,disagg,PASS,
deepseek-ai/DeepSeek-V3.2,DeepseekV32ForCausalLM,rtx_pro_6000_server,sglang,0.5.10,agg,HW_INCOMPATIBLE,"CPU-verified deterministic unhealable: ValueError: Unsupported gemm quant mode 'fp8_block' for system='rtx_pro_6000_server', backend='sglang', version='0.5.10'. Supported gemm modes: ['bfloat16', 'fp8', 'nvfp4']"
deepseek-ai/DeepSeek-V3.2,DeepseekV32ForCausalLM,rtx_pro_6000_server,sglang,0.5.10,disagg,HW_INCOMPATIBLE,"CPU-verified deterministic unhealable: ValueError: Unsupported gemm quant mode 'fp8_block' for system='rtx_pro_6000_server', backend='sglang', version='0.5.10'. Supported gemm modes: ['bfloat16', 'fp8', 'nvfp4']"
deepseek-ai/DeepSeek-V3.2,DeepseekV32ForCausalLM,rtx_pro_6000_server,trtllm,1.3.0rc10,agg,HW_INCOMPATIBLE,"CPU-verified deterministic unhealable: ValueError: Unsupported moe quant mode 'fp8_block' for system='rtx_pro_6000_server', backend='trtllm', version='1.3.0rc10'. Supported moe modes: ['bfloat16', 'fp8', 'nvfp4']"
deepseek-ai/DeepSeek-V3.2,DeepseekV32ForCausalLM,rtx_pro_6000_server,trtllm,1.3.0rc10,disagg,HW_INCOMPATIBLE,"CPU-verified deterministic unhealable: ValueError: Unsupported moe quant mode 'fp8_block' for system='rtx_pro_6000_server', backend='trtllm', version='1.3.0rc10'. Supported moe modes: ['bfloat16', 'fp8', 'nvfp4']"
deepseek-ai/DeepSeek-V3.2,DeepseekV32ForCausalLM,rtx_pro_6000_server,vllm,0.19.0,agg,HW_INCOMPATIBLE,"Deterministic unsupported configuration: RuntimeError: No results found for any parallel configuration. Showing last exception: Error loading silicon data for op PerfDataFilename.dsa_context_module: File does not exist at src/aiconfigurator/systems/data/rtx_pro_6000_server/vllm/0.19.0/dsa_context_module_perf.txt. This combination of model, system, backend, and backend version is not supported by AIC in SILICON mode."
deepseek-ai/DeepSeek-V3.2,DeepseekV32ForCausalLM,rtx_pro_6000_server,vllm,0.19.0,disagg,HW_INCOMPATIBLE,"Deterministic unsupported configuration: RuntimeError: No results found for any parallel configuration. Showing last exception: Error loading silicon data for op PerfDataFilename.dsa_context_module: File does not exist at src/aiconfigurator/systems/data/rtx_pro_6000_server/vllm/0.19.0/dsa_context_module_perf.txt. This combination of model, system, backend, and backend version is not supported by AIC in SILICON mode."
deepseek-ai/DeepSeek-V4-Flash,DeepseekV4ForCausalLM,rtx_pro_6000_server,sglang,0.5.10,agg,HW_INCOMPATIBLE,"CPU-verified deterministic unhealable: ValueError: Unsupported gemm quant mode 'fp8_block' for system='rtx_pro_6000_server', backend='sglang', version='0.5.10'. Supported gemm modes: ['bfloat16', 'fp8', 'nvfp4']"
deepseek-ai/DeepSeek-V4-Flash,DeepseekV4ForCausalLM,rtx_pro_6000_server,sglang,0.5.10,disagg,HW_INCOMPATIBLE,"CPU-verified deterministic unhealable: ValueError: Unsupported gemm quant mode 'fp8_block' for system='rtx_pro_6000_server', backend='sglang', version='0.5.10'. Supported gemm modes: ['bfloat16', 'fp8', 'nvfp4']"
deepseek-ai/DeepSeek-V4-Flash,DeepseekV4ForCausalLM,rtx_pro_6000_server,trtllm,1.3.0rc10,agg,HW_INCOMPATIBLE,"CPU-verified deterministic unhealable: ValueError: Unsupported moe quant mode 'w4a8_mxfp4_mxfp8' for system='rtx_pro_6000_server', backend='trtllm', version='1.3.0rc10'. Supported moe modes: ['bfloat16', 'fp8', 'nvfp4']"
deepseek-ai/DeepSeek-V4-Flash,DeepseekV4ForCausalLM,rtx_pro_6000_server,trtllm,1.3.0rc10,disagg,HW_INCOMPATIBLE,"CPU-verified deterministic unhealable: ValueError: Unsupported moe quant mode 'w4a8_mxfp4_mxfp8' for system='rtx_pro_6000_server', backend='trtllm', version='1.3.0rc10'. Supported moe modes: ['bfloat16', 'fp8', 'nvfp4']"
deepseek-ai/DeepSeek-V4-Flash,DeepseekV4ForCausalLM,rtx_pro_6000_server,vllm,0.19.0,agg,HW_INCOMPATIBLE,"CPU-verified deterministic unhealable: ValueError: Unsupported moe quant mode 'w4a8_mxfp4_mxfp8' for system='rtx_pro_6000_server', backend='vllm', version='0.19.0'. Supported moe modes: ['bfloat16', 'fp8', 'fp8_block', 'int4_wo']"
deepseek-ai/DeepSeek-V4-Flash,DeepseekV4ForCausalLM,rtx_pro_6000_server,vllm,0.19.0,disagg,HW_INCOMPATIBLE,"CPU-verified deterministic unhealable: ValueError: Unsupported moe quant mode 'w4a8_mxfp4_mxfp8' for system='rtx_pro_6000_server', backend='vllm', version='0.19.0'. Supported moe modes: ['bfloat16', 'fp8', 'fp8_block', 'int4_wo']"
deepseek-ai/DeepSeek-V4-Pro,DeepseekV4ForCausalLM,rtx_pro_6000_server,sglang,0.5.10,agg,HW_INCOMPATIBLE,"CPU-verified deterministic unhealable: ValueError: Unsupported gemm quant mode 'fp8_block' for system='rtx_pro_6000_server', backend='sglang', version='0.5.10'. Supported gemm modes: ['bfloat16', 'fp8', 'nvfp4']"
deepseek-ai/DeepSeek-V4-Pro,DeepseekV4ForCausalLM,rtx_pro_6000_server,sglang,0.5.10,disagg,HW_INCOMPATIBLE,"CPU-verified deterministic unhealable: ValueError: Unsupported gemm quant mode 'fp8_block' for system='rtx_pro_6000_server', backend='sglang', version='0.5.10'. Supported gemm modes: ['bfloat16', 'fp8', 'nvfp4']"
deepseek-ai/DeepSeek-V4-Pro,DeepseekV4ForCausalLM,rtx_pro_6000_server,trtllm,1.3.0rc10,agg,HW_INCOMPATIBLE,"CPU-verified deterministic unhealable: ValueError: Unsupported moe quant mode 'w4a8_mxfp4_mxfp8' for system='rtx_pro_6000_server', backend='trtllm', version='1.3.0rc10'. Supported moe modes: ['bfloat16', 'fp8', 'nvfp4']"
deepseek-ai/DeepSeek-V4-Pro,DeepseekV4ForCausalLM,rtx_pro_6000_server,trtllm,1.3.0rc10,disagg,HW_INCOMPATIBLE,"CPU-verified deterministic unhealable: ValueError: Unsupported moe quant mode 'w4a8_mxfp4_mxfp8' for system='rtx_pro_6000_server', backend='trtllm', version='1.3.0rc10'. Supported moe modes: ['bfloat16', 'fp8', 'nvfp4']"
deepseek-ai/DeepSeek-V4-Pro,DeepseekV4ForCausalLM,rtx_pro_6000_server,vllm,0.19.0,agg,HW_INCOMPATIBLE,"CPU-verified deterministic unhealable: ValueError: Unsupported moe quant mode 'w4a8_mxfp4_mxfp8' for system='rtx_pro_6000_server', backend='vllm', version='0.19.0'. Supported moe modes: ['bfloat16', 'fp8', 'fp8_block', 'int4_wo']"
deepseek-ai/DeepSeek-V4-Pro,DeepseekV4ForCausalLM,rtx_pro_6000_server,vllm,0.19.0,disagg,HW_INCOMPATIBLE,"CPU-verified deterministic unhealable: ValueError: Unsupported moe quant mode 'w4a8_mxfp4_mxfp8' for system='rtx_pro_6000_server', backend='vllm', version='0.19.0'. Supported moe modes: ['bfloat16', 'fp8', 'fp8_block', 'int4_wo']"
meta-llama/Llama-4-Maverick-17B-128E-Instruct,Llama4ForConditionalGeneration,rtx_pro_6000_server,sglang,0.5.10,agg,HW_INCOMPATIBLE,"Deterministic unsupported configuration: RuntimeError: No results found for any parallel configuration. Showing last exception: Failed to query moe data for num_tokens=128.0, hidden_size=5120, inter_size=8192, topk=1, num_experts=128, moe_tp_size=8, moe_ep_size=1, quant_mode=<MoEQuantMode.bfloat16: QuantMapping(memory=2, compute=1, name='bfloat16')>, workload_distribution='power_law_1.01'. Consider using HYBRID mode. Missing silicon data for the requested lookup."
meta-llama/Llama-4-Maverick-17B-128E-Instruct,Llama4ForConditionalGeneration,rtx_pro_6000_server,sglang,0.5.10,disagg,HW_INCOMPATIBLE,"Deterministic unsupported configuration: RuntimeError: No results found for any parallel configuration. Showing last exception: Failed to query moe data for num_tokens=128, hidden_size=5120, inter_size=8192, topk=1, num_experts=128, moe_tp_size=8, moe_ep_size=1, quant_mode=<MoEQuantMode.bfloat16: QuantMapping(memory=2, compute=1, name='bfloat16')>, workload_distribution='power_law_1.01'. Consider using HYBRID mode. Missing silicon data for the requested lookup."
meta-llama/Llama-4-Maverick-17B-128E-Instruct,Llama4ForConditionalGeneration,rtx_pro_6000_server,trtllm,1.3.0rc10,agg,HW_INCOMPATIBLE,"Deterministic unsupported configuration: RuntimeError: No results found for any parallel configuration. Showing last exception: Failed to query moe data for num_tokens=128.0, hidden_size=5120, inter_size=8192, topk=1, num_experts=128, moe_tp_size=8, moe_ep_size=1, quant_mode=<MoEQuantMode.bfloat16: QuantMapping(memory=2, compute=1, name='bfloat16')>, workload_distribution='power_law_1.01'. Consider using HYBRID mode. Missing silicon data for the requested lookup."
meta-llama/Llama-4-Maverick-17B-128E-Instruct,Llama4ForConditionalGeneration,rtx_pro_6000_server,trtllm,1.3.0rc10,disagg,HW_INCOMPATIBLE,"Deterministic unsupported configuration: RuntimeError: No results found for any parallel configuration. Showing last exception: Failed to query moe data for num_tokens=128, hidden_size=5120, inter_size=8192, topk=1, num_experts=128, moe_tp_size=8, moe_ep_size=1, quant_mode=<MoEQuantMode.bfloat16: QuantMapping(memory=2, compute=1, name='bfloat16')>, workload_distribution='power_law_1.01'. Consider using HYBRID mode. Missing silicon data for the requested lookup."
meta-llama/Llama-4-Maverick-17B-128E-Instruct,Llama4ForConditionalGeneration,rtx_pro_6000_server,vllm,0.19.0,agg,HW_INCOMPATIBLE,"Deterministic unsupported configuration: RuntimeError: No results found for any parallel configuration. Showing last exception: Failed to query moe data for num_tokens=128.0, hidden_size=5120, inter_size=8192, topk=1, num_experts=128, moe_tp_size=8, moe_ep_size=1, quant_mode=<MoEQuantMode.bfloat16: QuantMapping(memory=2, compute=1, name='bfloat16')>, workload_distribution='power_law_1.01'. Consider using HYBRID mode. Missing silicon data for the requested lookup."
meta-llama/Llama-4-Maverick-17B-128E-Instruct,Llama4ForConditionalGeneration,rtx_pro_6000_server,vllm,0.19.0,disagg,HW_INCOMPATIBLE,"Deterministic unsupported configuration: RuntimeError: No results found for any parallel configuration. Showing last exception: Failed to query moe data for num_tokens=128, hidden_size=5120, inter_size=8192, topk=1, num_experts=128, moe_tp_size=8, moe_ep_size=1, quant_mode=<MoEQuantMode.bfloat16: QuantMapping(memory=2, compute=1, name='bfloat16')>, workload_distribution='power_law_1.01'. Consider using HYBRID mode. Missing silicon data for the requested lookup."
meta-llama/Llama-4-Scout-17B-16E-Instruct,Llama4ForConditionalGeneration,rtx_pro_6000_server,sglang,0.5.10,agg,HW_INCOMPATIBLE,"Deterministic unsupported configuration: RuntimeError: No results found for any parallel configuration. Showing last exception: Failed to query moe data for num_tokens=128.0, hidden_size=5120, inter_size=8192, topk=1, num_experts=16, moe_tp_size=8, moe_ep_size=1, quant_mode=<MoEQuantMode.bfloat16: QuantMapping(memory=2, compute=1, name='bfloat16')>, workload_distribution='power_law_1.01'. Consider using HYBRID mode. Missing silicon data for the requested lookup."
meta-llama/Llama-4-Scout-17B-16E-Instruct,Llama4ForConditionalGeneration,rtx_pro_6000_server,sglang,0.5.10,disagg,HW_INCOMPATIBLE,"Deterministic unsupported configuration: RuntimeError: No results found for any parallel configuration. Showing last exception: Failed to query moe data for num_tokens=128, hidden_size=5120, inter_size=8192, topk=1, num_experts=16, moe_tp_size=8, moe_ep_size=1, quant_mode=<MoEQuantMode.bfloat16: QuantMapping(memory=2, compute=1, name='bfloat16')>, workload_distribution='power_law_1.01'. Consider using HYBRID mode. Missing silicon data for the requested lookup."
meta-llama/Llama-4-Scout-17B-16E-Instruct,Llama4ForConditionalGeneration,rtx_pro_6000_server,trtllm,1.3.0rc10,agg,HW_INCOMPATIBLE,"Deterministic unsupported configuration: RuntimeError: No results found for any parallel configuration. Showing last exception: Failed to query moe data for num_tokens=128.0, hidden_size=5120, inter_size=8192, topk=1, num_experts=16, moe_tp_size=8, moe_ep_size=1, quant_mode=<MoEQuantMode.bfloat16: QuantMapping(memory=2, compute=1, name='bfloat16')>, workload_distribution='power_law_1.01'. Consider using HYBRID mode. Missing silicon data for the requested lookup."
meta-llama/Llama-4-Scout-17B-16E-Instruct,Llama4ForConditionalGeneration,rtx_pro_6000_server,trtllm,1.3.0rc10,disagg,HW_INCOMPATIBLE,"Deterministic unsupported configuration: RuntimeError: No results found for any parallel configuration. Showing last exception: Failed to query moe data for num_tokens=128, hidden_size=5120, inter_size=8192, topk=1, num_experts=16, moe_tp_size=8, moe_ep_size=1, quant_mode=<MoEQuantMode.bfloat16: QuantMapping(memory=2, compute=1, name='bfloat16')>, workload_distribution='power_law_1.01'. Consider using HYBRID mode. Missing silicon data for the requested lookup."
meta-llama/Llama-4-Scout-17B-16E-Instruct,Llama4ForConditionalGeneration,rtx_pro_6000_server,vllm,0.19.0,agg,HW_INCOMPATIBLE,"Deterministic unsupported configuration: RuntimeError: No results found for any parallel configuration. Showing last exception: Failed to query moe data for num_tokens=128.0, hidden_size=5120, inter_size=8192, topk=1, num_experts=16, moe_tp_size=8, moe_ep_size=1, quant_mode=<MoEQuantMode.bfloat16: QuantMapping(memory=2, compute=1, name='bfloat16')>, workload_distribution='power_law_1.01'. Consider using HYBRID mode. Missing silicon data for the requested lookup."
meta-llama/Llama-4-Scout-17B-16E-Instruct,Llama4ForConditionalGeneration,rtx_pro_6000_server,vllm,0.19.0,disagg,HW_INCOMPATIBLE,"Deterministic unsupported configuration: RuntimeError: No results found for any parallel configuration. Showing last exception: Failed to query moe data for num_tokens=128, hidden_size=5120, inter_size=8192, topk=1, num_experts=16, moe_tp_size=8, moe_ep_size=1, quant_mode=<MoEQuantMode.bfloat16: QuantMapping(memory=2, compute=1, name='bfloat16')>, workload_distribution='power_law_1.01'. Consider using HYBRID mode. Missing silicon data for the requested lookup."
meta-llama/Meta-Llama-3.1-405B,LlamaForCausalLM,rtx_pro_6000_server,sglang,0.5.10,agg,HW_INCOMPATIBLE,"Deterministic unsupported configuration: RuntimeError: No results found: the model does not fit in GPU memory for any parallel configuration. Try increasing --total-gpus, using a quantized model, or using a system with more VRAM per GPU."
meta-llama/Meta-Llama-3.1-405B,LlamaForCausalLM,rtx_pro_6000_server,sglang,0.5.10,disagg,HW_INCOMPATIBLE,"Deterministic unsupported configuration: RuntimeError: No results found: the model does not fit in GPU memory for any parallel configuration. Try increasing --total-gpus, using a quantized model, or using a system with more VRAM per GPU."
meta-llama/Meta-Llama-3.1-405B,LlamaForCausalLM,rtx_pro_6000_server,trtllm,1.3.0rc10,agg,HW_INCOMPATIBLE,"Deterministic unsupported configuration: RuntimeError: No results found: the model does not fit in GPU memory for any parallel configuration. Try increasing --total-gpus, using a quantized model, or using a system with more VRAM per GPU."
meta-llama/Meta-Llama-3.1-405B,LlamaForCausalLM,rtx_pro_6000_server,trtllm,1.3.0rc10,disagg,HW_INCOMPATIBLE,"Deterministic unsupported configuration: RuntimeError: No results found: the model does not fit in GPU memory for any parallel configuration. Try increasing --total-gpus, using a quantized model, or using a system with more VRAM per GPU."
meta-llama/Meta-Llama-3.1-405B,LlamaForCausalLM,rtx_pro_6000_server,vllm,0.19.0,agg,HW_INCOMPATIBLE,"Deterministic unsupported configuration: RuntimeError: No results found: the model does not fit in GPU memory for any parallel configuration. Try increasing --total-gpus, using a quantized model, or using a system with more VRAM per GPU."
meta-llama/Meta-Llama-3.1-405B,LlamaForCausalLM,rtx_pro_6000_server,vllm,0.19.0,disagg,HW_INCOMPATIBLE,"Deterministic unsupported configuration: RuntimeError: No results found: the model does not fit in GPU memory for any parallel configuration. Try increasing --total-gpus, using a quantized model, or using a system with more VRAM per GPU."
meta-llama/Meta-Llama-3.1-70B,LlamaForCausalLM,rtx_pro_6000_server,sglang,0.5.10,agg,PASS,
meta-llama/Meta-Llama-3.1-70B,LlamaForCausalLM,rtx_pro_6000_server,sglang,0.5.10,disagg,PASS,
meta-llama/Meta-Llama-3.1-70B,LlamaForCausalLM,rtx_pro_6000_server,trtllm,1.3.0rc10,agg,PASS,
meta-llama/Meta-Llama-3.1-70B,LlamaForCausalLM,rtx_pro_6000_server,trtllm,1.3.0rc10,disagg,PASS,
meta-llama/Meta-Llama-3.1-70B,LlamaForCausalLM,rtx_pro_6000_server,vllm,0.19.0,agg,PASS,
meta-llama/Meta-Llama-3.1-70B,LlamaForCausalLM,rtx_pro_6000_server,vllm,0.19.0,disagg,PASS,
meta-llama/Meta-Llama-3.1-8B,LlamaForCausalLM,rtx_pro_6000_server,sglang,0.5.10,agg,PASS,
meta-llama/Meta-Llama-3.1-8B,LlamaForCausalLM,rtx_pro_6000_server,sglang,0.5.10,disagg,PASS,
meta-llama/Meta-Llama-3.1-8B,LlamaForCausalLM,rtx_pro_6000_server,trtllm,1.3.0rc10,agg,PASS,
meta-llama/Meta-Llama-3.1-8B,LlamaForCausalLM,rtx_pro_6000_server,trtllm,1.3.0rc10,disagg,PASS,
meta-llama/Meta-Llama-3.1-8B,LlamaForCausalLM,rtx_pro_6000_server,vllm,0.19.0,agg,PASS,
meta-llama/Meta-Llama-3.1-8B,LlamaForCausalLM,rtx_pro_6000_server,vllm,0.19.0,disagg,PASS,
moonshotai/Kimi-K2.5,KimiK25ForConditionalGeneration,rtx_pro_6000_server,sglang,0.5.10,agg,PASS,
moonshotai/Kimi-K2.5,KimiK25ForConditionalGeneration,rtx_pro_6000_server,sglang,0.5.10,disagg,PASS,
moonshotai/Kimi-K2.5,KimiK25ForConditionalGeneration,rtx_pro_6000_server,trtllm,1.3.0rc10,agg,HW_INCOMPATIBLE,"CPU-verified deterministic unhealable: ValueError: Unsupported moe quant mode 'int4_wo' for system='rtx_pro_6000_server', backend='trtllm', version='1.3.0rc10'. Supported moe modes: ['bfloat16', 'fp8', 'nvfp4']"
moonshotai/Kimi-K2.5,KimiK25ForConditionalGeneration,rtx_pro_6000_server,trtllm,1.3.0rc10,disagg,HW_INCOMPATIBLE,"CPU-verified deterministic unhealable: ValueError: Unsupported moe quant mode 'int4_wo' for system='rtx_pro_6000_server', backend='trtllm', version='1.3.0rc10'. Supported moe modes: ['bfloat16', 'fp8', 'nvfp4']"
moonshotai/Kimi-K2.5,KimiK25ForConditionalGeneration,rtx_pro_6000_server,vllm,0.19.0,agg,PASS,
moonshotai/Kimi-K2.5,KimiK25ForConditionalGeneration,rtx_pro_6000_server,vllm,0.19.0,disagg,PASS,
nvidia/DeepSeek-V3.1-NVFP4,DeepseekV3ForCausalLM,rtx_pro_6000_server,sglang,0.5.10,agg,HW_INCOMPATIBLE,"CPU-verified deterministic unhealable: ValueError: Unsupported moe quant mode 'nvfp4' for system='rtx_pro_6000_server', backend='sglang', version='0.5.10'. Supported moe modes: ['bfloat16', 'fp8_block', 'int4_wo']"
nvidia/DeepSeek-V3.1-NVFP4,DeepseekV3ForCausalLM,rtx_pro_6000_server,sglang,0.5.10,disagg,HW_INCOMPATIBLE,"CPU-verified deterministic unhealable: ValueError: Unsupported moe quant mode 'nvfp4' for system='rtx_pro_6000_server', backend='sglang', version='0.5.10'. Supported moe modes: ['bfloat16', 'fp8_block', 'int4_wo']"
nvidia/DeepSeek-V3.1-NVFP4,DeepseekV3ForCausalLM,rtx_pro_6000_server,trtllm,1.3.0rc10,agg,PASS,
nvidia/DeepSeek-V3.1-NVFP4,DeepseekV3ForCausalLM,rtx_pro_6000_server,trtllm,1.3.0rc10,disagg,PASS,
nvidia/DeepSeek-V3.1-NVFP4,DeepseekV3ForCausalLM,rtx_pro_6000_server,vllm,0.19.0,agg,HW_INCOMPATIBLE,"CPU-verified deterministic unhealable: ValueError: Unsupported moe quant mode 'nvfp4' for system='rtx_pro_6000_server', backend='vllm', version='0.19.0'. Supported moe modes: ['bfloat16', 'fp8', 'fp8_block', 'int4_wo']"
nvidia/DeepSeek-V3.1-NVFP4,DeepseekV3ForCausalLM,rtx_pro_6000_server,vllm,0.19.0,disagg,HW_INCOMPATIBLE,"CPU-verified deterministic unhealable: ValueError: Unsupported moe quant mode 'nvfp4' for system='rtx_pro_6000_server', backend='vllm', version='0.19.0'. Supported moe modes: ['bfloat16', 'fp8', 'fp8_block', 'int4_wo']"
nvidia/GLM-5-NVFP4,GlmMoeDsaForCausalLM,rtx_pro_6000_server,sglang,0.5.10,agg,HW_INCOMPATIBLE,"CPU-verified deterministic unhealable: ValueError: Unsupported moe quant mode 'nvfp4' for system='rtx_pro_6000_server', backend='sglang', version='0.5.10'. Supported moe modes: ['bfloat16', 'fp8_block', 'int4_wo']"
nvidia/GLM-5-NVFP4,GlmMoeDsaForCausalLM,rtx_pro_6000_server,sglang,0.5.10,disagg,HW_INCOMPATIBLE,"CPU-verified deterministic unhealable: ValueError: Unsupported moe quant mode 'nvfp4' for system='rtx_pro_6000_server', backend='sglang', version='0.5.10'. Supported moe modes: ['bfloat16', 'fp8_block', 'int4_wo']"
nvidia/GLM-5-NVFP4,GlmMoeDsaForCausalLM,rtx_pro_6000_server,trtllm,1.3.0rc10,agg,HW_INCOMPATIBLE,"Deterministic unsupported configuration: RuntimeError: No results found for any parallel configuration. Showing last exception: Error loading silicon data for op PerfDataFilename.dsa_context_module: File does not exist at src/aiconfigurator/systems/data/rtx_pro_6000_server/trtllm/1.3.0rc10/dsa_context_module_perf.txt. This combination of model, system, backend, and backend version is not supported by AIC in SILICON mode."
nvidia/GLM-5-NVFP4,GlmMoeDsaForCausalLM,rtx_pro_6000_server,trtllm,1.3.0rc10,disagg,HW_INCOMPATIBLE,"Deterministic unsupported configuration: RuntimeError: No results found for any parallel configuration. Showing last exception: Error loading silicon data for op PerfDataFilename.dsa_context_module: File does not exist at src/aiconfigurator/systems/data/rtx_pro_6000_server/trtllm/1.3.0rc10/dsa_context_module_perf.txt. This combination of model, system, backend, and backend version is not supported by AIC in SILICON mode."
nvidia/GLM-5-NVFP4,GlmMoeDsaForCausalLM,rtx_pro_6000_server,vllm,0.19.0,agg,HW_INCOMPATIBLE,"CPU-verified deterministic unhealable: ValueError: Unsupported moe quant mode 'nvfp4' for system='rtx_pro_6000_server', backend='vllm', version='0.19.0'. Supported moe modes: ['bfloat16', 'fp8', 'fp8_block', 'int4_wo']"
nvidia/GLM-5-NVFP4,GlmMoeDsaForCausalLM,rtx_pro_6000_server,vllm,0.19.0,disagg,HW_INCOMPATIBLE,"CPU-verified deterministic unhealable: ValueError: Unsupported moe quant mode 'nvfp4' for system='rtx_pro_6000_server', backend='vllm', version='0.19.0'. Supported moe modes: ['bfloat16', 'fp8', 'fp8_block', 'int4_wo']"
nvidia/Kimi-K2.5-NVFP4,KimiK25ForConditionalGeneration,rtx_pro_6000_server,sglang,0.5.10,agg,HW_INCOMPATIBLE,"CPU-verified deterministic unhealable: ValueError: Unsupported moe quant mode 'nvfp4' for system='rtx_pro_6000_server', backend='sglang', version='0.5.10'. Supported moe modes: ['bfloat16', 'fp8_block', 'int4_wo']"
nvidia/Kimi-K2.5-NVFP4,KimiK25ForConditionalGeneration,rtx_pro_6000_server,sglang,0.5.10,disagg,HW_INCOMPATIBLE,"CPU-verified deterministic unhealable: ValueError: Unsupported moe quant mode 'nvfp4' for system='rtx_pro_6000_server', backend='sglang', version='0.5.10'. Supported moe modes: ['bfloat16', 'fp8_block', 'int4_wo']"
nvidia/Kimi-K2.5-NVFP4,KimiK25ForConditionalGeneration,rtx_pro_6000_server,trtllm,1.3.0rc10,agg,PASS,
nvidia/Kimi-K2.5-NVFP4,KimiK25ForConditionalGeneration,rtx_pro_6000_server,trtllm,1.3.0rc10,disagg,PASS,
nvidia/Kimi-K2.5-NVFP4,KimiK25ForConditionalGeneration,rtx_pro_6000_server,vllm,0.19.0,agg,HW_INCOMPATIBLE,"CPU-verified deterministic unhealable: ValueError: Unsupported moe quant mode 'nvfp4' for system='rtx_pro_6000_server', backend='vllm', version='0.19.0'. Supported moe modes: ['bfloat16', 'fp8', 'fp8_block', 'int4_wo']"
nvidia/Kimi-K2.5-NVFP4,KimiK25ForConditionalGeneration,rtx_pro_6000_server,vllm,0.19.0,disagg,HW_INCOMPATIBLE,"CPU-verified deterministic unhealable: ValueError: Unsupported moe quant mode 'nvfp4' for system='rtx_pro_6000_server', backend='vllm', version='0.19.0'. Supported moe modes: ['bfloat16', 'fp8', 'fp8_block', 'int4_wo']"
nvidia/Llama-3.1-70B-Instruct-FP8,LlamaForCausalLM,rtx_pro_6000_server,sglang,0.5.10,agg,PASS,
nvidia/Llama-3.1-70B-Instruct-FP8,LlamaForCausalLM,rtx_pro_6000_server,sglang,0.5.10,disagg,PASS,
nvidia/Llama-3.1-70B-Instruct-FP8,LlamaForCausalLM,rtx_pro_6000_server,trtllm,1.3.0rc10,agg,PASS,
nvidia/Llama-3.1-70B-Instruct-FP8,LlamaForCausalLM,rtx_pro_6000_server,trtllm,1.3.0rc10,disagg,PASS,
nvidia/Llama-3.1-70B-Instruct-FP8,LlamaForCausalLM,rtx_pro_6000_server,vllm,0.19.0,agg,PASS,
nvidia/Llama-3.1-70B-Instruct-FP8,LlamaForCausalLM,rtx_pro_6000_server,vllm,0.19.0,disagg,PASS,
nvidia/Llama-3_3-Nemotron-Super-49B-v1,DeciLMForCausalLM,rtx_pro_6000_server,sglang,0.5.10,agg,PASS,
nvidia/Llama-3_3-Nemotron-Super-49B-v1,DeciLMForCausalLM,rtx_pro_6000_server,sglang,0.5.10,disagg,PASS,
nvidia/Llama-3_3-Nemotron-Super-49B-v1,DeciLMForCausalLM,rtx_pro_6000_server,trtllm,1.3.0rc10,agg,PASS,
nvidia/Llama-3_3-Nemotron-Super-49B-v1,DeciLMForCausalLM,rtx_pro_6000_server,trtllm,1.3.0rc10,disagg,PASS,
nvidia/Llama-3_3-Nemotron-Super-49B-v1,DeciLMForCausalLM,rtx_pro_6000_server,vllm,0.19.0,agg,PASS,
nvidia/Llama-3_3-Nemotron-Super-49B-v1,DeciLMForCausalLM,rtx_pro_6000_server,vllm,0.19.0,disagg,PASS,
nvidia/MiniMax-M2.5-NVFP4,MiniMaxM2ForCausalLM,rtx_pro_6000_server,sglang,0.5.10,agg,HW_INCOMPATIBLE,"CPU-verified deterministic unhealable: ValueError: Unsupported moe quant mode 'nvfp4' for system='rtx_pro_6000_server', backend='sglang', version='0.5.10'. Supported moe modes: ['bfloat16', 'fp8_block', 'int4_wo']"
nvidia/MiniMax-M2.5-NVFP4,MiniMaxM2ForCausalLM,rtx_pro_6000_server,sglang,0.5.10,disagg,HW_INCOMPATIBLE,"CPU-verified deterministic unhealable: ValueError: Unsupported moe quant mode 'nvfp4' for system='rtx_pro_6000_server', backend='sglang', version='0.5.10'. Supported moe modes: ['bfloat16', 'fp8_block', 'int4_wo']"
nvidia/MiniMax-M2.5-NVFP4,MiniMaxM2ForCausalLM,rtx_pro_6000_server,trtllm,1.3.0rc10,agg,PASS,
nvidia/MiniMax-M2.5-NVFP4,MiniMaxM2ForCausalLM,rtx_pro_6000_server,trtllm,1.3.0rc10,disagg,PASS,
nvidia/MiniMax-M2.5-NVFP4,MiniMaxM2ForCausalLM,rtx_pro_6000_server,vllm,0.19.0,agg,HW_INCOMPATIBLE,"CPU-verified deterministic unhealable: ValueError: Unsupported moe quant mode 'nvfp4' for system='rtx_pro_6000_server', backend='vllm', version='0.19.0'. Supported moe modes: ['bfloat16', 'fp8', 'fp8_block', 'int4_wo']"
nvidia/MiniMax-M2.5-NVFP4,MiniMaxM2ForCausalLM,rtx_pro_6000_server,vllm,0.19.0,disagg,HW_INCOMPATIBLE,"CPU-verified deterministic unhealable: ValueError: Unsupported moe quant mode 'nvfp4' for system='rtx_pro_6000_server', backend='vllm', version='0.19.0'. Supported moe modes: ['bfloat16', 'fp8', 'fp8_block', 'int4_wo']"
nvidia/MiniMax-M2.7-NVFP4,MiniMaxM2ForCausalLM,rtx_pro_6000_server,sglang,0.5.10,agg,HW_INCOMPATIBLE,"CPU-verified deterministic unhealable: ValueError: Unsupported moe quant mode 'nvfp4' for system='rtx_pro_6000_server', backend='sglang', version='0.5.10'. Supported moe modes: ['bfloat16', 'fp8_block', 'int4_wo']"
nvidia/MiniMax-M2.7-NVFP4,MiniMaxM2ForCausalLM,rtx_pro_6000_server,sglang,0.5.10,disagg,HW_INCOMPATIBLE,"CPU-verified deterministic unhealable: ValueError: Unsupported moe quant mode 'nvfp4' for system='rtx_pro_6000_server', backend='sglang', version='0.5.10'. Supported moe modes: ['bfloat16', 'fp8_block', 'int4_wo']"
nvidia/MiniMax-M2.7-NVFP4,MiniMaxM2ForCausalLM,rtx_pro_6000_server,trtllm,1.3.0rc10,agg,PASS,
nvidia/MiniMax-M2.7-NVFP4,MiniMaxM2ForCausalLM,rtx_pro_6000_server,trtllm,1.3.0rc10,disagg,PASS,
nvidia/MiniMax-M2.7-NVFP4,MiniMaxM2ForCausalLM,rtx_pro_6000_server,vllm,0.19.0,agg,HW_INCOMPATIBLE,"CPU-verified deterministic unhealable: ValueError: Unsupported moe quant mode 'nvfp4' for system='rtx_pro_6000_server', backend='vllm', version='0.19.0'. Supported moe modes: ['bfloat16', 'fp8', 'fp8_block', 'int4_wo']"
nvidia/MiniMax-M2.7-NVFP4,MiniMaxM2ForCausalLM,rtx_pro_6000_server,vllm,0.19.0,disagg,HW_INCOMPATIBLE,"CPU-verified deterministic unhealable: ValueError: Unsupported moe quant mode 'nvfp4' for system='rtx_pro_6000_server', backend='vllm', version='0.19.0'. Supported moe modes: ['bfloat16', 'fp8', 'fp8_block', 'int4_wo']"
nvidia/NVIDIA-Nemotron-3-Nano-30B-A3B-BF16,NemotronHForCausalLM,rtx_pro_6000_server,sglang,0.5.10,agg,PASS,
nvidia/NVIDIA-Nemotron-3-Nano-30B-A3B-BF16,NemotronHForCausalLM,rtx_pro_6000_server,sglang,0.5.10,disagg,PASS,
nvidia/NVIDIA-Nemotron-3-Nano-30B-A3B-BF16,NemotronHForCausalLM,rtx_pro_6000_server,trtllm,1.3.0rc10,agg,PASS,
nvidia/NVIDIA-Nemotron-3-Nano-30B-A3B-BF16,NemotronHForCausalLM,rtx_pro_6000_server,trtllm,1.3.0rc10,disagg,PASS,
nvidia/NVIDIA-Nemotron-3-Nano-30B-A3B-BF16,NemotronHForCausalLM,rtx_pro_6000_server,vllm,0.19.0,agg,PASS,
nvidia/NVIDIA-Nemotron-3-Nano-30B-A3B-BF16,NemotronHForCausalLM,rtx_pro_6000_server,vllm,0.19.0,disagg,PASS,
nvidia/NVIDIA-Nemotron-3-Super-120B-A12B-NVFP4,NemotronHForCausalLM,rtx_pro_6000_server,sglang,0.5.10,agg,HW_INCOMPATIBLE,"CPU-verified deterministic unhealable: ValueError: Unsupported moe quant mode 'nvfp4' for system='rtx_pro_6000_server', backend='sglang', version='0.5.10'. Supported moe modes: ['bfloat16', 'fp8_block', 'int4_wo']"
nvidia/NVIDIA-Nemotron-3-Super-120B-A12B-NVFP4,NemotronHForCausalLM,rtx_pro_6000_server,sglang,0.5.10,disagg,HW_INCOMPATIBLE,"CPU-verified deterministic unhealable: ValueError: Unsupported moe quant mode 'nvfp4' for system='rtx_pro_6000_server', backend='sglang', version='0.5.10'. Supported moe modes: ['bfloat16', 'fp8_block', 'int4_wo']"
nvidia/NVIDIA-Nemotron-3-Super-120B-A12B-NVFP4,NemotronHForCausalLM,rtx_pro_6000_server,trtllm,1.3.0rc10,agg,PASS,
nvidia/NVIDIA-Nemotron-3-Super-120B-A12B-NVFP4,NemotronHForCausalLM,rtx_pro_6000_server,trtllm,1.3.0rc10,disagg,PASS,
nvidia/NVIDIA-Nemotron-3-Super-120B-A12B-NVFP4,NemotronHForCausalLM,rtx_pro_6000_server,vllm,0.19.0,agg,HW_INCOMPATIBLE,"CPU-verified deterministic unhealable: ValueError: Unsupported moe quant mode 'nvfp4' for system='rtx_pro_6000_server', backend='vllm', version='0.19.0'. Supported moe modes: ['bfloat16', 'fp8', 'fp8_block', 'int4_wo']"
nvidia/NVIDIA-Nemotron-3-Super-120B-A12B-NVFP4,NemotronHForCausalLM,rtx_pro_6000_server,vllm,0.19.0,disagg,HW_INCOMPATIBLE,"CPU-verified deterministic unhealable: ValueError: Unsupported moe quant mode 'nvfp4' for system='rtx_pro_6000_server', backend='vllm', version='0.19.0'. Supported moe modes: ['bfloat16', 'fp8', 'fp8_block', 'int4_wo']"
nvidia/Nemotron-H-56B-Base-8K,NemotronHForCausalLM,rtx_pro_6000_server,sglang,0.5.10,agg,PASS,
nvidia/Nemotron-H-56B-Base-8K,NemotronHForCausalLM,rtx_pro_6000_server,sglang,0.5.10,disagg,PASS,
nvidia/Nemotron-H-56B-Base-8K,NemotronHForCausalLM,rtx_pro_6000_server,trtllm,1.3.0rc10,agg,PASS,
nvidia/Nemotron-H-56B-Base-8K,NemotronHForCausalLM,rtx_pro_6000_server,trtllm,1.3.0rc10,disagg,PASS,
nvidia/Nemotron-H-56B-Base-8K,NemotronHForCausalLM,rtx_pro_6000_server,vllm,0.19.0,agg,PASS,
nvidia/Nemotron-H-56B-Base-8K,NemotronHForCausalLM,rtx_pro_6000_server,vllm,0.19.0,disagg,PASS,
nvidia/Qwen3-235B-A22B-NVFP4,Qwen3MoeForCausalLM,rtx_pro_6000_server,sglang,0.5.10,agg,HW_INCOMPATIBLE,"CPU-verified deterministic unhealable: ValueError: Unsupported moe quant mode 'nvfp4' for system='rtx_pro_6000_server', backend='sglang', version='0.5.10'. Supported moe modes: ['bfloat16', 'fp8_block', 'int4_wo']"
nvidia/Qwen3-235B-A22B-NVFP4,Qwen3MoeForCausalLM,rtx_pro_6000_server,sglang,0.5.10,disagg,HW_INCOMPATIBLE,"CPU-verified deterministic unhealable: ValueError: Unsupported moe quant mode 'nvfp4' for system='rtx_pro_6000_server', backend='sglang', version='0.5.10'. Supported moe modes: ['bfloat16', 'fp8_block', 'int4_wo']"
nvidia/Qwen3-235B-A22B-NVFP4,Qwen3MoeForCausalLM,rtx_pro_6000_server,trtllm,1.3.0rc10,agg,PASS,
nvidia/Qwen3-235B-A22B-NVFP4,Qwen3MoeForCausalLM,rtx_pro_6000_server,trtllm,1.3.0rc10,disagg,PASS,
nvidia/Qwen3-235B-A22B-NVFP4,Qwen3MoeForCausalLM,rtx_pro_6000_server,vllm,0.19.0,agg,HW_INCOMPATIBLE,"CPU-verified deterministic unhealable: ValueError: Unsupported moe quant mode 'nvfp4' for system='rtx_pro_6000_server', backend='vllm', version='0.19.0'. Supported moe modes: ['bfloat16', 'fp8', 'fp8_block', 'int4_wo']"
nvidia/Qwen3-235B-A22B-NVFP4,Qwen3MoeForCausalLM,rtx_pro_6000_server,vllm,0.19.0,disagg,HW_INCOMPATIBLE,"CPU-verified deterministic unhealable: ValueError: Unsupported moe quant mode 'nvfp4' for system='rtx_pro_6000_server', backend='vllm', version='0.19.0'. Supported moe modes: ['bfloat16', 'fp8', 'fp8_block', 'int4_wo']"
nvidia/nemotron-ultra-rl-050826,NemotronHForCausalLM,rtx_pro_6000_server,sglang,0.5.10,agg,HW_INCOMPATIBLE,"CPU-verified deterministic unhealable: ValueError: Unsupported moe quant mode 'nvfp4' for system='rtx_pro_6000_server', backend='sglang', version='0.5.10'. Supported moe modes: ['bfloat16', 'fp8_block', 'int4_wo']"
nvidia/nemotron-ultra-rl-050826,NemotronHForCausalLM,rtx_pro_6000_server,sglang,0.5.10,disagg,HW_INCOMPATIBLE,"CPU-verified deterministic unhealable: ValueError: Unsupported moe quant mode 'nvfp4' for system='rtx_pro_6000_server', backend='sglang', version='0.5.10'. Supported moe modes: ['bfloat16', 'fp8_block', 'int4_wo']"
nvidia/nemotron-ultra-rl-050826,NemotronHForCausalLM,rtx_pro_6000_server,trtllm,1.3.0rc10,agg,HW_INCOMPATIBLE,"Deterministic unsupported configuration: RuntimeError: No results found for any parallel configuration. Showing last exception: Failed to query moe data for num_tokens=128.0, hidden_size=8192, inter_size=5120, topk=22, num_experts=512, moe_tp_size=8, moe_ep_size=1, quant_mode=<MoEQuantMode.nvfp4: QuantMapping(memory=0.5625, compute=4, name='nvfp4')>, workload_distribution='power_law_1.01'. Consider using HYBRID mode. Missing silicon data for the requested lookup."
nvidia/nemotron-ultra-rl-050826,NemotronHForCausalLM,rtx_pro_6000_server,trtllm,1.3.0rc10,disagg,HW_INCOMPATIBLE,"Deterministic unsupported configuration: RuntimeError: No results found for any parallel configuration. Showing last exception: Failed to query moe data for num_tokens=128, hidden_size=8192, inter_size=5120, topk=22, num_experts=512, moe_tp_size=8, moe_ep_size=1, quant_mode=<MoEQuantMode.nvfp4: QuantMapping(memory=0.5625, compute=4, name='nvfp4')>, workload_distribution='power_law_1.01'. Consider using HYBRID mode. Missing silicon data for the requested lookup."
nvidia/nemotron-ultra-rl-050826,NemotronHForCausalLM,rtx_pro_6000_server,vllm,0.19.0,agg,HW_INCOMPATIBLE,"CPU-verified deterministic unhealable: ValueError: Unsupported moe quant mode 'nvfp4' for system='rtx_pro_6000_server', backend='vllm', version='0.19.0'. Supported moe modes: ['bfloat16', 'fp8', 'fp8_block', 'int4_wo']"
nvidia/nemotron-ultra-rl-050826,NemotronHForCausalLM,rtx_pro_6000_server,vllm,0.19.0,disagg,HW_INCOMPATIBLE,"CPU-verified deterministic unhealable: ValueError: Unsupported moe quant mode 'nvfp4' for system='rtx_pro_6000_server', backend='vllm', version='0.19.0'. Supported moe modes: ['bfloat16', 'fp8', 'fp8_block', 'int4_wo']"
openai/gpt-oss-120b,GptOssForCausalLM,rtx_pro_6000_server,sglang,0.5.10,agg,HW_INCOMPATIBLE,"CPU-verified deterministic unhealable: ValueError: Unsupported moe quant mode 'w4a16_mxfp4' for system='rtx_pro_6000_server', backend='sglang', version='0.5.10'. Supported moe modes: ['bfloat16', 'fp8_block', 'int4_wo']"
openai/gpt-oss-120b,GptOssForCausalLM,rtx_pro_6000_server,sglang,0.5.10,disagg,HW_INCOMPATIBLE,"CPU-verified deterministic unhealable: ValueError: Unsupported moe quant mode 'w4a16_mxfp4' for system='rtx_pro_6000_server', backend='sglang', version='0.5.10'. Supported moe modes: ['bfloat16', 'fp8_block', 'int4_wo']"
openai/gpt-oss-120b,GptOssForCausalLM,rtx_pro_6000_server,trtllm,1.3.0rc10,agg,HW_INCOMPATIBLE,"CPU-verified deterministic unhealable: ValueError: Unsupported moe quant mode 'w4a16_mxfp4' for system='rtx_pro_6000_server', backend='trtllm', version='1.3.0rc10'. Supported moe modes: ['bfloat16', 'fp8', 'nvfp4']"
openai/gpt-oss-120b,GptOssForCausalLM,rtx_pro_6000_server,trtllm,1.3.0rc10,disagg,HW_INCOMPATIBLE,"CPU-verified deterministic unhealable: ValueError: Unsupported moe quant mode 'w4a16_mxfp4' for system='rtx_pro_6000_server', backend='trtllm', version='1.3.0rc10'. Supported moe modes: ['bfloat16', 'fp8', 'nvfp4']"
openai/gpt-oss-120b,GptOssForCausalLM,rtx_pro_6000_server,vllm,0.19.0,agg,HW_INCOMPATIBLE,"CPU-verified deterministic unhealable: ValueError: Unsupported moe quant mode 'w4a16_mxfp4' for system='rtx_pro_6000_server', backend='vllm', version='0.19.0'. Supported moe modes: ['bfloat16', 'fp8', 'fp8_block', 'int4_wo']"
openai/gpt-oss-120b,GptOssForCausalLM,rtx_pro_6000_server,vllm,0.19.0,disagg,HW_INCOMPATIBLE,"CPU-verified deterministic unhealable: ValueError: Unsupported moe quant mode 'w4a16_mxfp4' for system='rtx_pro_6000_server', backend='vllm', version='0.19.0'. Supported moe modes: ['bfloat16', 'fp8', 'fp8_block', 'int4_wo']"
openai/gpt-oss-20b,GptOssForCausalLM,rtx_pro_6000_server,sglang,0.5.10,agg,HW_INCOMPATIBLE,"CPU-verified deterministic unhealable: ValueError: Unsupported moe quant mode 'w4a16_mxfp4' for system='rtx_pro_6000_server', backend='sglang', version='0.5.10'. Supported moe modes: ['bfloat16', 'fp8_block', 'int4_wo']"
openai/gpt-oss-20b,GptOssForCausalLM,rtx_pro_6000_server,sglang,0.5.10,disagg,HW_INCOMPATIBLE,"CPU-verified deterministic unhealable: ValueError: Unsupported moe quant mode 'w4a16_mxfp4' for system='rtx_pro_6000_server', backend='sglang', version='0.5.10'. Supported moe modes: ['bfloat16', 'fp8_block', 'int4_wo']"
openai/gpt-oss-20b,GptOssForCausalLM,rtx_pro_6000_server,trtllm,1.3.0rc10,agg,HW_INCOMPATIBLE,"CPU-verified deterministic unhealable: ValueError: Unsupported moe quant mode 'w4a16_mxfp4' for system='rtx_pro_6000_server', backend='trtllm', version='1.3.0rc10'. Supported moe modes: ['bfloat16', 'fp8', 'nvfp4']"
openai/gpt-oss-20b,GptOssForCausalLM,rtx_pro_6000_server,trtllm,1.3.0rc10,disagg,HW_INCOMPATIBLE,"CPU-verified deterministic unhealable: ValueError: Unsupported moe quant mode 'w4a16_mxfp4' for system='rtx_pro_6000_server', backend='trtllm', version='1.3.0rc10'. Supported moe modes: ['bfloat16', 'fp8', 'nvfp4']"
openai/gpt-oss-20b,GptOssForCausalLM,rtx_pro_6000_server,vllm,0.19.0,agg,HW_INCOMPATIBLE,"CPU-verified deterministic unhealable: ValueError: Unsupported moe quant mode 'w4a16_mxfp4' for system='rtx_pro_6000_server', backend='vllm', version='0.19.0'. Supported moe modes: ['bfloat16', 'fp8', 'fp8_block', 'int4_wo']"
openai/gpt-oss-20b,GptOssForCausalLM,rtx_pro_6000_server,vllm,0.19.0,disagg,HW_INCOMPATIBLE,"CPU-verified deterministic unhealable: ValueError: Unsupported moe quant mode 'w4a16_mxfp4' for system='rtx_pro_6000_server', backend='vllm', version='0.19.0'. Supported moe modes: ['bfloat16', 'fp8', 'fp8_block', 'int4_wo']"
sgl-project/DeepSeek-V4-Flash-FP8,DeepseekV4ForCausalLM,rtx_pro_6000_server,sglang,0.5.10,agg,HW_INCOMPATIBLE,"CPU-verified deterministic unhealable: ValueError: Unsupported gemm quant mode 'fp8_block' for system='rtx_pro_6000_server', backend='sglang', version='0.5.10'. Supported gemm modes: ['bfloat16', 'fp8', 'nvfp4']"
sgl-project/DeepSeek-V4-Flash-FP8,DeepseekV4ForCausalLM,rtx_pro_6000_server,sglang,0.5.10,disagg,HW_INCOMPATIBLE,"CPU-verified deterministic unhealable: ValueError: Unsupported gemm quant mode 'fp8_block' for system='rtx_pro_6000_server', backend='sglang', version='0.5.10'. Supported gemm modes: ['bfloat16', 'fp8', 'nvfp4']"
sgl-project/DeepSeek-V4-Flash-FP8,DeepseekV4ForCausalLM,rtx_pro_6000_server,trtllm,1.3.0rc10,agg,HW_INCOMPATIBLE,"CPU-verified deterministic unhealable: ValueError: Unsupported moe quant mode 'fp8_block' for system='rtx_pro_6000_server', backend='trtllm', version='1.3.0rc10'. Supported moe modes: ['bfloat16', 'fp8', 'nvfp4']"
sgl-project/DeepSeek-V4-Flash-FP8,DeepseekV4ForCausalLM,rtx_pro_6000_server,trtllm,1.3.0rc10,disagg,HW_INCOMPATIBLE,"CPU-verified deterministic unhealable: ValueError: Unsupported moe quant mode 'fp8_block' for system='rtx_pro_6000_server', backend='trtllm', version='1.3.0rc10'. Supported moe modes: ['bfloat16', 'fp8', 'nvfp4']"
sgl-project/DeepSeek-V4-Flash-FP8,DeepseekV4ForCausalLM,rtx_pro_6000_server,vllm,0.19.0,agg,HW_INCOMPATIBLE,"Deterministic unsupported configuration: RuntimeError: No results found for any parallel configuration. Showing last exception: DeepSeek-V4 mHC module data not loaded for system='rtx_pro_6000_server', backend='vllm', version='0.19.0'. Failed to query DeepSeek-V4 mHC module for num_tokens=128.0, hidden_size=4096, hc_mult=4, sinkhorn_iters=20, op='pre'. Consider using HYBRID mode."
sgl-project/DeepSeek-V4-Flash-FP8,DeepseekV4ForCausalLM,rtx_pro_6000_server,vllm,0.19.0,disagg,HW_INCOMPATIBLE,"Deterministic unsupported configuration: RuntimeError: No results found for any parallel configuration. Showing last exception: DeepSeek-V4 mHC module data not loaded for system='rtx_pro_6000_server', backend='vllm', version='0.19.0'. Failed to query DeepSeek-V4 mHC module for num_tokens=128, hidden_size=4096, hc_mult=4, sinkhorn_iters=20, op='pre'. Consider using HYBRID mode."
sgl-project/DeepSeek-V4-Pro-FP8,DeepseekV4ForCausalLM,rtx_pro_6000_server,sglang,0.5.10,agg,HW_INCOMPATIBLE,"CPU-verified deterministic unhealable: ValueError: Unsupported gemm quant mode 'fp8_block' for system='rtx_pro_6000_server', backend='sglang', version='0.5.10'. Supported gemm modes: ['bfloat16', 'fp8', 'nvfp4']"
sgl-project/DeepSeek-V4-Pro-FP8,DeepseekV4ForCausalLM,rtx_pro_6000_server,sglang,0.5.10,disagg,HW_INCOMPATIBLE,"CPU-verified deterministic unhealable: ValueError: Unsupported gemm quant mode 'fp8_block' for system='rtx_pro_6000_server', backend='sglang', version='0.5.10'. Supported gemm modes: ['bfloat16', 'fp8', 'nvfp4']"
sgl-project/DeepSeek-V4-Pro-FP8,DeepseekV4ForCausalLM,rtx_pro_6000_server,trtllm,1.3.0rc10,agg,HW_INCOMPATIBLE,"CPU-verified deterministic unhealable: ValueError: Unsupported moe quant mode 'fp8_block' for system='rtx_pro_6000_server', backend='trtllm', version='1.3.0rc10'. Supported moe modes: ['bfloat16', 'fp8', 'nvfp4']"
sgl-project/DeepSeek-V4-Pro-FP8,DeepseekV4ForCausalLM,rtx_pro_6000_server,trtllm,1.3.0rc10,disagg,HW_INCOMPATIBLE,"CPU-verified deterministic unhealable: ValueError: Unsupported moe quant mode 'fp8_block' for system='rtx_pro_6000_server', backend='trtllm', version='1.3.0rc10'. Supported moe modes: ['bfloat16', 'fp8', 'nvfp4']"
sgl-project/DeepSeek-V4-Pro-FP8,DeepseekV4ForCausalLM,rtx_pro_6000_server,vllm,0.19.0,agg,HW_INCOMPATIBLE,"Deterministic unsupported configuration: RuntimeError: No results found for any parallel configuration. Showing last exception: DeepSeek-V4 mHC module data not loaded for system='rtx_pro_6000_server', backend='vllm', version='0.19.0'. Failed to query DeepSeek-V4 mHC module for num_tokens=128.0, hidden_size=7168, hc_mult=4, sinkhorn_iters=20, op='pre'. Consider using HYBRID mode."
sgl-project/DeepSeek-V4-Pro-FP8,DeepseekV4ForCausalLM,rtx_pro_6000_server,vllm,0.19.0,disagg,HW_INCOMPATIBLE,"Deterministic unsupported configuration: RuntimeError: No results found for any parallel configuration. Showing last exception: DeepSeek-V4 mHC module data not loaded for system='rtx_pro_6000_server', backend='vllm', version='0.19.0'. Failed to query DeepSeek-V4 mHC module for num_tokens=128, hidden_size=7168, hc_mult=4, sinkhorn_iters=20, op='pre'. Consider using HYBRID mode."
zai-org/GLM-5,GlmMoeDsaForCausalLM,rtx_pro_6000_server,sglang,0.5.10,agg,HW_INCOMPATIBLE,"Deterministic unsupported configuration: RuntimeError: No results found for any parallel configuration. Showing last exception: Error loading silicon data for op PerfDataFilename.dsa_context_module: File does not exist at src/aiconfigurator/systems/data/rtx_pro_6000_server/sglang/0.5.10/dsa_context_module_perf.txt. This combination of model, system, backend, and backend version is not supported by AIC in SILICON mode."
zai-org/GLM-5,GlmMoeDsaForCausalLM,rtx_pro_6000_server,sglang,0.5.10,disagg,HW_INCOMPATIBLE,"Deterministic unsupported configuration: RuntimeError: No results found for any parallel configuration. Showing last exception: Error loading silicon data for op PerfDataFilename.dsa_context_module: File does not exist at src/aiconfigurator/systems/data/rtx_pro_6000_server/sglang/0.5.10/dsa_context_module_perf.txt. This combination of model, system, backend, and backend version is not supported by AIC in SILICON mode."
zai-org/GLM-5,GlmMoeDsaForCausalLM,rtx_pro_6000_server,trtllm,1.3.0rc10,agg,HW_INCOMPATIBLE,"Deterministic unsupported configuration: RuntimeError: No results found for any parallel configuration. Showing last exception: Error loading silicon data for op PerfDataFilename.dsa_context_module: File does not exist at src/aiconfigurator/systems/data/rtx_pro_6000_server/trtllm/1.3.0rc10/dsa_context_module_perf.txt. This combination of model, system, backend, and backend version is not supported by AIC in SILICON mode."
zai-org/GLM-5,GlmMoeDsaForCausalLM,rtx_pro_6000_server,trtllm,1.3.0rc10,disagg,HW_INCOMPATIBLE,"Deterministic unsupported configuration: RuntimeError: No results found for any parallel configuration. Showing last exception: Error loading silicon data for op PerfDataFilename.dsa_context_module: File does not exist at src/aiconfigurator/systems/data/rtx_pro_6000_server/trtllm/1.3.0rc10/dsa_context_module_perf.txt. This combination of model, system, backend, and backend version is not supported by AIC in SILICON mode."
zai-org/GLM-5,GlmMoeDsaForCausalLM,rtx_pro_6000_server,vllm,0.19.0,agg,HW_INCOMPATIBLE,"Deterministic unsupported configuration: RuntimeError: No results found for any parallel configuration. Showing last exception: Error loading silicon data for op PerfDataFilename.dsa_context_module: File does not exist at src/aiconfigurator/systems/data/rtx_pro_6000_server/vllm/0.19.0/dsa_context_module_perf.txt. This combination of model, system, backend, and backend version is not supported by AIC in SILICON mode."
zai-org/GLM-5,GlmMoeDsaForCausalLM,rtx_pro_6000_server,vllm,0.19.0,disagg,HW_INCOMPATIBLE,"Deterministic unsupported configuration: RuntimeError: No results found for any parallel configuration. Showing last exception: Error loading silicon data for op PerfDataFilename.dsa_context_module: File does not exist at src/aiconfigurator/systems/data/rtx_pro_6000_server/vllm/0.19.0/dsa_context_module_perf.txt. This combination of model, system, backend, and backend version is not supported by AIC in SILICON mode."
zai-org/GLM-5-FP8,GlmMoeDsaForCausalLM,rtx_pro_6000_server,sglang,0.5.10,agg,HW_INCOMPATIBLE,"CPU-verified deterministic unhealable: ValueError: Unsupported gemm quant mode 'fp8_block' for system='rtx_pro_6000_server', backend='sglang', version='0.5.10'. Supported gemm modes: ['bfloat16', 'fp8', 'nvfp4']"
zai-org/GLM-5-FP8,GlmMoeDsaForCausalLM,rtx_pro_6000_server,sglang,0.5.10,disagg,HW_INCOMPATIBLE,"CPU-verified deterministic unhealable: ValueError: Unsupported gemm quant mode 'fp8_block' for system='rtx_pro_6000_server', backend='sglang', version='0.5.10'. Supported gemm modes: ['bfloat16', 'fp8', 'nvfp4']"
zai-org/GLM-5-FP8,GlmMoeDsaForCausalLM,rtx_pro_6000_server,trtllm,1.3.0rc10,agg,HW_INCOMPATIBLE,"CPU-verified deterministic unhealable: ValueError: Unsupported moe quant mode 'fp8_block' for system='rtx_pro_6000_server', backend='trtllm', version='1.3.0rc10'. Supported moe modes: ['bfloat16', 'fp8', 'nvfp4']"
zai-org/GLM-5-FP8,GlmMoeDsaForCausalLM,rtx_pro_6000_server,trtllm,1.3.0rc10,disagg,HW_INCOMPATIBLE,"CPU-verified deterministic unhealable: ValueError: Unsupported moe quant mode 'fp8_block' for system='rtx_pro_6000_server', backend='trtllm', version='1.3.0rc10'. Supported moe modes: ['bfloat16', 'fp8', 'nvfp4']"
zai-org/GLM-5-FP8,GlmMoeDsaForCausalLM,rtx_pro_6000_server,vllm,0.19.0,agg,HW_INCOMPATIBLE,"Deterministic unsupported configuration: RuntimeError: No results found for any parallel configuration. Showing last exception: Error loading silicon data for op PerfDataFilename.dsa_context_module: File does not exist at src/aiconfigurator/systems/data/rtx_pro_6000_server/vllm/0.19.0/dsa_context_module_perf.txt. This combination of model, system, backend, and backend version is not supported by AIC in SILICON mode."
zai-org/GLM-5-FP8,GlmMoeDsaForCausalLM,rtx_pro_6000_server,vllm,0.19.0,disagg,HW_INCOMPATIBLE,"Deterministic unsupported configuration: RuntimeError: No results found for any parallel configuration. Showing last exception: Error loading silicon data for op PerfDataFilename.dsa_context_module: File does not exist at src/aiconfigurator/systems/data/rtx_pro_6000_server/vllm/0.19.0/dsa_context_module_perf.txt. This combination of model, system, backend, and backend version is not supported by AIC in SILICON mode."
